{
 "baseUrl":"support/slwebview_files",
 "homeHid":1,
 "initialElement":"",
 "sections":[
  {
   "hid":1,
   "sid":"sldemo_radar_eml",
   "name":"sldemo_radar_eml",
   "fullname":"sldemo_radar_eml",
   "label":"sldemo_radar_eml",
   "parent":0,
   "descendants":[
    2
   ],
   "hierarchyUrl":"support/slwebview_files/sldemo_radar_eml_h_1.json",
   "backingUrl":"support/slwebview_files/sldemo_radar_eml_m.json"
  }
 ],
 "optViews":[
 ],
 "display":{
  "informer":false
 },
 "iconsUrl":"support/slwebview_files/sldemo_radar_eml_icons.css"
}