{
 "baseUrl":"support/slwebview_files",
 "homeHid":1,
 "initialElement":"",
 "sections":[
  {
   "hid":1,
   "sid":"sldemo_autotrans_3",
   "name":"sldemo_autotrans_3",
   "fullname":"sldemo_autotrans_3",
   "label":"sldemo_autotrans_3*",
   "parent":0,
   "descendants":[
    2,
    3,
    4,
    13,
    5,
    12,
    6,
    11,
    7,
    10,
    8,
    9
   ],
   "hierarchyUrl":"support/slwebview_files/sldemo_autotrans_3_h_1.json",
   "backingUrl":"support/slwebview_files/sldemo_autotrans_3_m.json"
  }
 ],
 "optViews":[
 ],
 "display":{
  "informer":false
 },
 "iconsUrl":"support/slwebview_files/sldemo_autotrans_3_icons.css"
}