[
 {
  "sid":"sldemo_autotrans_3:16:7",
  "className":"Stateflow.State",
  "icon":"sldemo_autotrans_310",
  "name":"selection_state",
  "label":"selection_state",
  "parent":"sldemo_autotrans_3:16",
  "inspector":{
   "params":[
    "ExecutionOrder",
    "HasOutputData",
    "OutputMonitoringMode",
    "InlineOption",
    "LabelString",
    "DataLogging",
    "TestPoint",
    "NameMode",
    "LoggingName",
    "LimitDataPoints",
    "MaxPoints",
    "DecimateData",
    "Decimation",
    "Description",
    "Document"
   ],
   "values":[
    2,
    false,
    "ChildActivity",
    "Auto",
    "selection_state\nduring:\n[down_th, up_th] = ComputeThreshold(Gear,Throttle);",
    false,
    false,
    "SignalName",
    "selection_state",
    false,
    5000,
    false,
    2,
    "",
    ""
   ],
   "tabs":[
    "General",
    "Logging",
    "Documentation"
   ],
   "tabs_idx":[
    0,
    5,
    13
   ]
  },
  "viewer":{
   "jshandler":"webview/handlers/ElementHandler"
  },
  "obj_viewer":[
  ],
  "finder":[
  ]
 },
 {
  "sid":"sldemo_autotrans_3:16:9",
  "className":"Stateflow.State",
  "icon":"sldemo_autotrans_310",
  "name":"steady_state",
  "label":"steady_state",
  "parent":"sldemo_autotrans_3:16",
  "inspector":{
   "params":[
    "HasOutputData",
    "OutputMonitoringMode",
    "InlineOption",
    "LabelString",
    "DataLogging",
    "TestPoint",
    "NameMode",
    "LoggingName",
    "LimitDataPoints",
    "MaxPoints",
    "DecimateData",
    "Decimation",
    "Description",
    "Document"
   ],
   "values":[
    false,
    "SelfActivity",
    "Auto",
    "steady_state",
    false,
    false,
    "SignalName",
    "selection_state.steady_state",
    false,
    5000,
    false,
    2,
    "",
    ""
   ],
   "tabs":[
    "General",
    "Logging",
    "Documentation"
   ],
   "tabs_idx":[
    0,
    4,
    12
   ]
  },
  "viewer":{
   "jshandler":"webview/handlers/ElementHandler"
  },
  "obj_viewer":[
  ],
  "finder":[
  ]
 },
 {
  "sid":"sldemo_autotrans_3:16:8",
  "className":"Stateflow.State",
  "icon":"sldemo_autotrans_310",
  "name":"upshifting",
  "label":"upshifting",
  "parent":"sldemo_autotrans_3:16",
  "inspector":{
   "params":[
    "HasOutputData",
    "OutputMonitoringMode",
    "InlineOption",
    "LabelString",
    "DataLogging",
    "TestPoint",
    "NameMode",
    "LoggingName",
    "LimitDataPoints",
    "MaxPoints",
    "DecimateData",
    "Decimation",
    "Description",
    "Document"
   ],
   "values":[
    false,
    "SelfActivity",
    "Auto",
    "upshifting",
    false,
    false,
    "SignalName",
    "selection_state.upshifting",
    false,
    5000,
    false,
    2,
    "",
    ""
   ],
   "tabs":[
    "General",
    "Logging",
    "Documentation"
   ],
   "tabs_idx":[
    0,
    4,
    12
   ]
  },
  "viewer":{
   "jshandler":"webview/handlers/ElementHandler"
  },
  "obj_viewer":[
  ],
  "finder":[
  ]
 },
 {
  "sid":"sldemo_autotrans_3:16:1",
  "className":"Stateflow.State",
  "icon":"sldemo_autotrans_310",
  "name":"downshifting",
  "label":"downshifting",
  "parent":"sldemo_autotrans_3:16",
  "inspector":{
   "params":[
    "HasOutputData",
    "OutputMonitoringMode",
    "InlineOption",
    "LabelString",
    "DataLogging",
    "TestPoint",
    "NameMode",
    "LoggingName",
    "LimitDataPoints",
    "MaxPoints",
    "DecimateData",
    "Decimation",
    "Description",
    "Document"
   ],
   "values":[
    false,
    "SelfActivity",
    "Auto",
    "downshifting",
    false,
    false,
    "SignalName",
    "selection_state.downshifting",
    false,
    5000,
    false,
    2,
    "",
    ""
   ],
   "tabs":[
    "General",
    "Logging",
    "Documentation"
   ],
   "tabs_idx":[
    0,
    4,
    12
   ]
  },
  "viewer":{
   "jshandler":"webview/handlers/ElementHandler"
  },
  "obj_viewer":[
  ],
  "finder":[
  ]
 },
 {
  "sid":"sldemo_autotrans_3:16:20",
  "className":"Stateflow.Transition",
  "icon":"sldemo_autotrans_311",
  "name":"",
  "label":"[VehicleSpeed < up_th]",
  "parent":"sldemo_autotrans_3:16",
  "inspector":{
   "params":[
    "ExecutionOrder",
    "isVariant",
    "LabelString",
    "Description",
    "Document"
   ],
   "values":[
    2,
    false,
    "[VehicleSpeed < up_th]",
    "",
    ""
   ],
   "tabs":[
    "Parameter Attributes"
   ],
   "tabs_idx":0
  },
  "viewer":{
   "jshandler":"webview/handlers/ElementHandler"
  },
  "obj_viewer":[
  ],
  "finder":[
  ]
 },
 {
  "sid":"sldemo_autotrans_3:16:21",
  "className":"Stateflow.Transition",
  "icon":"sldemo_autotrans_311",
  "name":"",
  "label":"[VehicleSpeed > down_th]",
  "parent":"sldemo_autotrans_3:16",
  "inspector":{
   "params":[
    "ExecutionOrder",
    "isVariant",
    "LabelString",
    "Description",
    "Document"
   ],
   "values":[
    2,
    false,
    "[VehicleSpeed > down_th]",
    "",
    ""
   ],
   "tabs":[
    "Parameter Attributes"
   ],
   "tabs_idx":0
  },
  "viewer":{
   "jshandler":"webview/handlers/ElementHandler"
  },
  "obj_viewer":[
  ],
  "finder":[
  ]
 },
 {
  "sid":"sldemo_autotrans_3:16:17",
  "className":"Stateflow.Transition",
  "icon":"sldemo_autotrans_311",
  "name":"",
  "label":"?",
  "parent":"sldemo_autotrans_3:16",
  "inspector":{
   "params":[
    "ExecutionOrder",
    "isVariant",
    "LabelString",
    "Description",
    "Document"
   ],
   "values":[
    1,
    false,
    "?",
    "",
    ""
   ],
   "tabs":[
    "Parameter Attributes"
   ],
   "tabs_idx":0
  },
  "viewer":{
   "jshandler":"webview/handlers/ElementHandler"
  },
  "obj_viewer":[
  ],
  "finder":[
  ]
 },
 {
  "sid":"sldemo_autotrans_3:16:18",
  "className":"Stateflow.Transition",
  "icon":"sldemo_autotrans_311",
  "name":"",
  "label":"[VehicleSpeed > up_th]",
  "parent":"sldemo_autotrans_3:16",
  "inspector":{
   "params":[
    "ExecutionOrder",
    "isVariant",
    "LabelString",
    "Description",
    "Document"
   ],
   "values":[
    1,
    false,
    "[VehicleSpeed > up_th]",
    "",
    ""
   ],
   "tabs":[
    "Parameter Attributes"
   ],
   "tabs_idx":0
  },
  "viewer":{
   "jshandler":"webview/handlers/ElementHandler"
  },
  "obj_viewer":[
  ],
  "finder":[
  ]
 },
 {
  "sid":"sldemo_autotrans_3:16:22",
  "className":"Stateflow.Transition",
  "icon":"sldemo_autotrans_311",
  "name":"",
  "label":"after(TWAIT,tick) [VehicleSpeed <= down_th] {gear_state.DOWN}",
  "parent":"sldemo_autotrans_3:16",
  "inspector":{
   "params":[
    "ExecutionOrder",
    "isVariant",
    "LabelString",
    "Description",
    "Document"
   ],
   "values":[
    1,
    false,
    "after(TWAIT,tick)\n[VehicleSpeed <= down_th]\n{gear_state.DOWN}",
    "",
    ""
   ],
   "tabs":[
    "Parameter Attributes"
   ],
   "tabs_idx":0
  },
  "viewer":{
   "jshandler":"webview/handlers/ElementHandler"
  },
  "obj_viewer":[
  ],
  "finder":[
  ]
 },
 {
  "sid":"sldemo_autotrans_3:16:19",
  "className":"Stateflow.Transition",
  "icon":"sldemo_autotrans_311",
  "name":"",
  "label":"[VehicleSpeed < down_th]",
  "parent":"sldemo_autotrans_3:16",
  "inspector":{
   "params":[
    "ExecutionOrder",
    "isVariant",
    "LabelString",
    "Description",
    "Document"
   ],
   "values":[
    2,
    false,
    "[VehicleSpeed < down_th]",
    "",
    ""
   ],
   "tabs":[
    "Parameter Attributes"
   ],
   "tabs_idx":0
  },
  "viewer":{
   "jshandler":"webview/handlers/ElementHandler"
  },
  "obj_viewer":[
  ],
  "finder":[
  ]
 },
 {
  "sid":"sldemo_autotrans_3:16:23",
  "className":"Stateflow.Transition",
  "icon":"sldemo_autotrans_311",
  "name":"",
  "label":"after(TWAIT,tick) [VehicleSpeed >= up_th] {gear_state.UP}",
  "parent":"sldemo_autotrans_3:16",
  "inspector":{
   "params":[
    "ExecutionOrder",
    "isVariant",
    "LabelString",
    "Description",
    "Document"
   ],
   "values":[
    1,
    false,
    "after(TWAIT,tick)\n[VehicleSpeed >= up_th]\n{gear_state.UP}",
    "",
    ""
   ],
   "tabs":[
    "Parameter Attributes"
   ],
   "tabs_idx":0
  },
  "viewer":{
   "jshandler":"webview/handlers/ElementHandler"
  },
  "obj_viewer":[
  ],
  "finder":[
  ]
 },
 {
  "sid":"sldemo_autotrans_3:16:33",
  "className":"Stateflow.SLFunction",
  "icon":"sldemo_autotrans_33",
  "name":"ComputeThreshold",
  "label":"ComputeThreshold",
  "parent":"sldemo_autotrans_3:16",
  "inspector":{
   "params":[
    "ShowPortLabels",
    "Permissions",
    "ErrorFcn",
    "PermitHierarchicalResolution",
    "TreatAsAtomicUnit",
    "TreatAsGroupedWhenPropagatingVariantConditions",
    "RTWSystemCode",
    "ReferencedSubsystem",
    "AllowZeroVariantControls",
    "AutoFrameSizeCalculation",
    "BlockChoice",
    "CompiledActiveChoiceBlock",
    "CompiledActiveChoiceControl",
    "ExecutionDomainType",
    "FunctionInterfaceSpec",
    "FunctionWithSeparateData",
    "GeneratePreprocessorConditionals",
    "IsSubsystemVirtual",
    "LabelModeActiveChoice",
    "Latency",
    "MemberBlocks",
    "MinAlgLoopOccurrences",
    "PartitionName",
    "PropagateVariantConditions",
    "RTWFcnName",
    "RTWFcnNameOpts",
    "RTWFileName",
    "RTWFileNameOpts",
    "RTWMemSecDataConstants",
    "RTWMemSecDataInternal",
    "RTWMemSecDataParameters",
    "RTWMemSecFuncExecute",
    "RTWMemSecFuncInitTerm",
    "ScheduleAs",
    "SetExecutionDomain",
    "SystemSampleTime",
    "TemplateBlock",
    "Variant",
    "VariantControl",
    "VariantControlMode"
   ],
   "values":[
    "FromPortIcon",
    "ReadWrite",
    "",
    "All",
    "off",
    "on",
    "Auto",
    "",
    "off",
    "off",
    "",
    "",
    "",
    "Deduce",
    "void_void",
    "off",
    "off",
    "off",
    "",
    "0",
    "",
    "off",
    "",
    "off",
    "",
    "Auto",
    "",
    "Auto",
    "Inherit from model",
    "Inherit from model",
    "Inherit from model",
    "Inherit from model",
    "Inherit from model",
    "Sample time",
    "off",
    "-1",
    "",
    "off",
    "",
    "Expression"
   ],
   "tabs":[
    "Main",
    "Code Generation",
    "Subsystem Reference",
    "-Other"
   ],
   "tabs_idx":[
    0,
    6,
    7,
    8
   ]
  },
  "viewer":{
   "jshandler":"webview/handlers/ElementHandler"
  },
  "obj_viewer":[
  ],
  "finder":[
  ]
 },
 {
  "sid":"sldemo_autotrans_3:16:2",
  "className":"Stateflow.State",
  "icon":"sldemo_autotrans_310",
  "name":"gear_state",
  "label":"gear_state",
  "parent":"sldemo_autotrans_3:16",
  "inspector":{
   "params":[
    "ExecutionOrder",
    "HasOutputData",
    "OutputMonitoringMode",
    "InlineOption",
    "LabelString",
    "DataLogging",
    "TestPoint",
    "NameMode",
    "LoggingName",
    "LimitDataPoints",
    "MaxPoints",
    "DecimateData",
    "Decimation",
    "Description",
    "Document"
   ],
   "values":[
    1,
    false,
    "ChildActivity",
    "Auto",
    "gear_state",
    false,
    false,
    "SignalName",
    "gear_state",
    false,
    5000,
    false,
    2,
    "",
    ""
   ],
   "tabs":[
    "General",
    "Logging",
    "Documentation"
   ],
   "tabs_idx":[
    0,
    5,
    13
   ]
  },
  "viewer":{
   "jshandler":"webview/handlers/ElementHandler"
  },
  "obj_viewer":[
  ],
  "finder":[
  ]
 },
 {
  "sid":"sldemo_autotrans_3:16:3",
  "className":"Stateflow.State",
  "icon":"sldemo_autotrans_310",
  "name":"fourth",
  "label":"fourth",
  "parent":"sldemo_autotrans_3:16",
  "inspector":{
   "params":[
    "HasOutputData",
    "OutputMonitoringMode",
    "InlineOption",
    "LabelString",
    "DataLogging",
    "TestPoint",
    "NameMode",
    "LoggingName",
    "LimitDataPoints",
    "MaxPoints",
    "DecimateData",
    "Decimation",
    "Description",
    "Document"
   ],
   "values":[
    false,
    "SelfActivity",
    "Auto",
    "fourth\nentry:\nGear = 4;",
    false,
    false,
    "SignalName",
    "gear_state.fourth",
    false,
    5000,
    false,
    2,
    "",
    ""
   ],
   "tabs":[
    "General",
    "Logging",
    "Documentation"
   ],
   "tabs_idx":[
    0,
    4,
    12
   ]
  },
  "viewer":{
   "jshandler":"webview/handlers/ElementHandler"
  },
  "obj_viewer":[
  ],
  "finder":[
  ]
 },
 {
  "sid":"sldemo_autotrans_3:16:6",
  "className":"Stateflow.State",
  "icon":"sldemo_autotrans_310",
  "name":"first",
  "label":"first",
  "parent":"sldemo_autotrans_3:16",
  "inspector":{
   "params":[
    "HasOutputData",
    "OutputMonitoringMode",
    "InlineOption",
    "LabelString",
    "DataLogging",
    "TestPoint",
    "NameMode",
    "LoggingName",
    "LimitDataPoints",
    "MaxPoints",
    "DecimateData",
    "Decimation",
    "Description",
    "Document"
   ],
   "values":[
    false,
    "SelfActivity",
    "Auto",
    "first\nentry:\nGear = 1;",
    false,
    false,
    "SignalName",
    "gear_state.first",
    false,
    5000,
    false,
    2,
    "",
    ""
   ],
   "tabs":[
    "General",
    "Logging",
    "Documentation"
   ],
   "tabs_idx":[
    0,
    4,
    12
   ]
  },
  "viewer":{
   "jshandler":"webview/handlers/ElementHandler"
  },
  "obj_viewer":[
  ],
  "finder":[
  ]
 },
 {
  "sid":"sldemo_autotrans_3:16:5",
  "className":"Stateflow.State",
  "icon":"sldemo_autotrans_310",
  "name":"third",
  "label":"third",
  "parent":"sldemo_autotrans_3:16",
  "inspector":{
   "params":[
    "HasOutputData",
    "OutputMonitoringMode",
    "InlineOption",
    "LabelString",
    "DataLogging",
    "TestPoint",
    "NameMode",
    "LoggingName",
    "LimitDataPoints",
    "MaxPoints",
    "DecimateData",
    "Decimation",
    "Description",
    "Document"
   ],
   "values":[
    false,
    "SelfActivity",
    "Auto",
    "third\nentry:\nGear = 3;",
    false,
    false,
    "SignalName",
    "gear_state.third",
    false,
    5000,
    false,
    2,
    "",
    ""
   ],
   "tabs":[
    "General",
    "Logging",
    "Documentation"
   ],
   "tabs_idx":[
    0,
    4,
    12
   ]
  },
  "viewer":{
   "jshandler":"webview/handlers/ElementHandler"
  },
  "obj_viewer":[
  ],
  "finder":[
  ]
 },
 {
  "sid":"sldemo_autotrans_3:16:4",
  "className":"Stateflow.State",
  "icon":"sldemo_autotrans_310",
  "name":"second",
  "label":"second",
  "parent":"sldemo_autotrans_3:16",
  "inspector":{
   "params":[
    "HasOutputData",
    "OutputMonitoringMode",
    "InlineOption",
    "LabelString",
    "DataLogging",
    "TestPoint",
    "NameMode",
    "LoggingName",
    "LimitDataPoints",
    "MaxPoints",
    "DecimateData",
    "Decimation",
    "Description",
    "Document"
   ],
   "values":[
    false,
    "SelfActivity",
    "Auto",
    "second\nentry:\nGear = 2;",
    false,
    false,
    "SignalName",
    "gear_state.second",
    false,
    5000,
    false,
    2,
    "",
    ""
   ],
   "tabs":[
    "General",
    "Logging",
    "Documentation"
   ],
   "tabs_idx":[
    0,
    4,
    12
   ]
  },
  "viewer":{
   "jshandler":"webview/handlers/ElementHandler"
  },
  "obj_viewer":[
  ],
  "finder":[
  ]
 },
 {
  "sid":"sldemo_autotrans_3:16:16",
  "className":"Stateflow.Transition",
  "icon":"sldemo_autotrans_311",
  "name":"",
  "label":"DOWN",
  "parent":"sldemo_autotrans_3:16",
  "inspector":{
   "params":[
    "ExecutionOrder",
    "isVariant",
    "LabelString",
    "Description",
    "Document"
   ],
   "values":[
    2,
    false,
    "DOWN",
    "",
    ""
   ],
   "tabs":[
    "Parameter Attributes"
   ],
   "tabs_idx":0
  },
  "viewer":{
   "jshandler":"webview/handlers/ElementHandler"
  },
  "obj_viewer":[
  ],
  "finder":[
  ]
 },
 {
  "sid":"sldemo_autotrans_3:16:15",
  "className":"Stateflow.Transition",
  "icon":"sldemo_autotrans_311",
  "name":"",
  "label":"DOWN",
  "parent":"sldemo_autotrans_3:16",
  "inspector":{
   "params":[
    "ExecutionOrder",
    "isVariant",
    "LabelString",
    "Description",
    "Document"
   ],
   "values":[
    2,
    false,
    "DOWN",
    "",
    ""
   ],
   "tabs":[
    "Parameter Attributes"
   ],
   "tabs_idx":0
  },
  "viewer":{
   "jshandler":"webview/handlers/ElementHandler"
  },
  "obj_viewer":[
  ],
  "finder":[
  ]
 },
 {
  "sid":"sldemo_autotrans_3:16:10",
  "className":"Stateflow.Transition",
  "icon":"sldemo_autotrans_311",
  "name":"",
  "label":"UP",
  "parent":"sldemo_autotrans_3:16",
  "inspector":{
   "params":[
    "ExecutionOrder",
    "isVariant",
    "LabelString",
    "Description",
    "Document"
   ],
   "values":[
    1,
    false,
    "UP",
    "",
    ""
   ],
   "tabs":[
    "Parameter Attributes"
   ],
   "tabs_idx":0
  },
  "viewer":{
   "jshandler":"webview/handlers/ElementHandler"
  },
  "obj_viewer":[
  ],
  "finder":[
  ]
 },
 {
  "sid":"sldemo_autotrans_3:16:12",
  "className":"Stateflow.Transition",
  "icon":"sldemo_autotrans_311",
  "name":"",
  "label":"UP",
  "parent":"sldemo_autotrans_3:16",
  "inspector":{
   "params":[
    "ExecutionOrder",
    "isVariant",
    "LabelString",
    "Description",
    "Document"
   ],
   "values":[
    1,
    false,
    "UP",
    "",
    ""
   ],
   "tabs":[
    "Parameter Attributes"
   ],
   "tabs_idx":0
  },
  "viewer":{
   "jshandler":"webview/handlers/ElementHandler"
  },
  "obj_viewer":[
  ],
  "finder":[
  ]
 },
 {
  "sid":"sldemo_autotrans_3:16:11",
  "className":"Stateflow.Transition",
  "icon":"sldemo_autotrans_311",
  "name":"",
  "label":"UP",
  "parent":"sldemo_autotrans_3:16",
  "inspector":{
   "params":[
    "ExecutionOrder",
    "isVariant",
    "LabelString",
    "Description",
    "Document"
   ],
   "values":[
    1,
    false,
    "UP",
    "",
    ""
   ],
   "tabs":[
    "Parameter Attributes"
   ],
   "tabs_idx":0
  },
  "viewer":{
   "jshandler":"webview/handlers/ElementHandler"
  },
  "obj_viewer":[
  ],
  "finder":[
  ]
 },
 {
  "sid":"sldemo_autotrans_3:16:13",
  "className":"Stateflow.Transition",
  "icon":"sldemo_autotrans_311",
  "name":"",
  "label":"?",
  "parent":"sldemo_autotrans_3:16",
  "inspector":{
   "params":[
    "ExecutionOrder",
    "isVariant",
    "LabelString",
    "Description",
    "Document"
   ],
   "values":[
    1,
    false,
    "?",
    "",
    ""
   ],
   "tabs":[
    "Parameter Attributes"
   ],
   "tabs_idx":0
  },
  "viewer":{
   "jshandler":"webview/handlers/ElementHandler"
  },
  "obj_viewer":[
  ],
  "finder":[
  ]
 },
 {
  "sid":"sldemo_autotrans_3:16:14",
  "className":"Stateflow.Transition",
  "icon":"sldemo_autotrans_311",
  "name":"",
  "label":"DOWN",
  "parent":"sldemo_autotrans_3:16",
  "inspector":{
   "params":[
    "ExecutionOrder",
    "isVariant",
    "LabelString",
    "Description",
    "Document"
   ],
   "values":[
    1,
    false,
    "DOWN",
    "",
    ""
   ],
   "tabs":[
    "Parameter Attributes"
   ],
   "tabs_idx":0
  },
  "viewer":{
   "jshandler":"webview/handlers/ElementHandler"
  },
  "obj_viewer":[
  ],
  "finder":[
  ]
 }
]