[
 {
  "hid":1,
  "sid":"sldemo_autotrans_3",
  "esid":"",
  "parent":0,
  "children":[
   2,
   3,
   4,
   5,
   6,
   7,
   8
  ],
  "name":"sldemo_autotrans_3",
  "fullname":"sldemo_autotrans_3",
  "label":"sldemo_autotrans_3",
  "icon":"sldemo_autotrans_30",
  "svg":"support/slwebview_files/sldemo_autotrans_3_d.svg",
  "thumbnail":"support/slwebview_files/sldemo_autotrans_3_d.png",
  "backingUrl":"support/slwebview_files/sldemo_autotrans_3_d.json",
  "elements":[
   ":96",
   ":95",
   ":94",
   ":51",
   ":25",
   ":16",
   ":15",
   ":14",
   ":9",
   ":1",
   ":103",
   ":104",
   ":105",
   ":106",
   ":107",
   ":108",
   ":109",
   ":126",
   ":127",
   ":128",
   ":148",
   ":168",
   ":188",
   ":242",
   ":213",
   ":212",
   ":211",
   ":204",
   ":194",
   ":210",
   ":203",
   ":262",
   ":25#out:1",
   ":1#out:1",
   ":25#out:2",
   ":51#out:2",
   ":16#out:1",
   ":51#out:1",
   ":9#out:1",
   ":9#out:2",
   ":242#out:2",
   ":204#out:2",
   ":213#out:1",
   ":242#out:1",
   ":204#out:1",
   ":212#out:1",
   ":213#out:2",
   ":194#out:1"
  ],
  "sameAsElement":false
 },
 {
  "hid":2,
  "sid":"sldemo_autotrans_3:1",
  "esid":"sldemo_autotrans_3:1",
  "parent":1,
  "children":[
  ],
  "name":"Engine",
  "fullname":"sldemo_autotrans_3/Engine",
  "label":"Engine",
  "icon":"sldemo_autotrans_33",
  "svg":"support/slwebview_files/sldemo_autotrans_3_1_d.svg",
  "thumbnail":"support/slwebview_files/sldemo_autotrans_3_1_d.png",
  "backingUrl":"support/slwebview_files/sldemo_autotrans_3_1_d.json",
  "elements":[
   ":88",
   ":8",
   ":6",
   ":5",
   ":77",
   ":7",
   ":3",
   ":2",
   ":2#out:1",
   ":3#out:1",
   ":5#out:1",
   ":6#out:1",
   ":7#out:1",
   ":77#out:1"
  ],
  "sameAsElement":true
 },
 {
  "hid":3,
  "sid":"sldemo_autotrans_3:194",
  "esid":"sldemo_autotrans_3:194",
  "parent":1,
  "children":[
  ],
  "name":"Engine1",
  "fullname":"sldemo_autotrans_3/Engine1",
  "label":"Engine1",
  "icon":"sldemo_autotrans_33",
  "svg":"support/slwebview_files/sldemo_autotrans_3_194_d.svg",
  "thumbnail":"support/slwebview_files/sldemo_autotrans_3_194_d.png",
  "backingUrl":"support/slwebview_files/sldemo_autotrans_3_194_d.json",
  "elements":[
   ":202",
   ":201",
   ":200",
   ":199",
   ":198",
   ":197",
   ":196",
   ":195",
   ":195#out:1",
   ":196#out:1",
   ":199#out:1",
   ":200#out:1",
   ":197#out:1",
   ":198#out:1"
  ],
  "sameAsElement":true
 },
 {
  "hid":4,
  "sid":"sldemo_autotrans_3:109",
  "esid":"sldemo_autotrans_3:109",
  "parent":1,
  "children":[
   13
  ],
  "name":"Ports &\nSubsystems",
  "fullname":"sldemo_autotrans_3/Ports & Subsystems",
  "label":"Ports & Subsystems",
  "icon":"sldemo_autotrans_33",
  "svg":"support/slwebview_files/sldemo_autotrans_3_109_d.svg",
  "thumbnail":"support/slwebview_files/sldemo_autotrans_3_109_d.png",
  "backingUrl":"support/slwebview_files/sldemo_autotrans_3_109_d.json",
  "elements":[
   ":112",
   ":110",
   ":120",
   ":124",
   ":113",
   ":123",
   ":114",
   ":121",
   ":122",
   ":119",
   ":111",
   ":125",
   ":115"
  ],
  "sameAsElement":true
 },
 {
  "hid":13,
  "sid":"sldemo_autotrans_3:115",
  "esid":"sldemo_autotrans_3:115",
  "parent":4,
  "children":[
  ],
  "name":"Enabled\nSubsystem",
  "fullname":"sldemo_autotrans_3/Ports & Subsystems/Enabled Subsystem",
  "label":"Enabled Subsystem",
  "icon":"sldemo_autotrans_33",
  "svg":"support/slwebview_files/sldemo_autotrans_3_115_d.svg",
  "thumbnail":"support/slwebview_files/sldemo_autotrans_3_115_d.png",
  "backingUrl":"support/slwebview_files/sldemo_autotrans_3_115_d.json",
  "elements":[
   ":118",
   ":117",
   ":116",
   ":116#out:1"
  ],
  "sameAsElement":true
 },
 {
  "hid":5,
  "sid":"sldemo_autotrans_3:16",
  "esid":"sldemo_autotrans_3:16",
  "parent":1,
  "children":[
   12
  ],
  "name":"ShiftLogic",
  "fullname":"sldemo_autotrans_3/ShiftLogic",
  "label":"ShiftLogic",
  "icon":"sldemo_autotrans_34",
  "svg":"support/slwebview_files/sldemo_autotrans_3_16_d.svg",
  "thumbnail":"support/slwebview_files/sldemo_autotrans_3_16_d.png",
  "backingUrl":"support/slwebview_files/sldemo_autotrans_3_16_d.json",
  "elements":[
   ":16:7",
   ":16:9",
   ":16:8",
   ":16:1",
   ":16:20",
   ":16:21",
   ":16:17",
   ":16:18",
   ":16:22",
   ":16:19",
   ":16:23",
   ":16:33",
   ":16:2",
   ":16:3",
   ":16:6",
   ":16:5",
   ":16:4",
   ":16:16",
   ":16:15",
   ":16:10",
   ":16:12",
   ":16:11",
   ":16:13",
   ":16:14"
  ],
  "sameAsElement":false
 },
 {
  "hid":12,
  "sid":"sldemo_autotrans_3:16::16",
  "esid":"sldemo_autotrans_3:16:33",
  "parent":5,
  "children":[
  ],
  "name":"ComputeThreshold",
  "fullname":"sldemo_autotrans_3/ShiftLogic/ComputeThreshold",
  "label":"ComputeThreshold",
  "icon":"sldemo_autotrans_33",
  "svg":"support/slwebview_files/sldemo_autotrans_3_16__16_d.svg",
  "thumbnail":"support/slwebview_files/sldemo_autotrans_3_16__16_d.png",
  "backingUrl":"support/slwebview_files/sldemo_autotrans_3_16__16_d.json",
  "elements":[
   ":16::36",
   ":16::23",
   ":16::22",
   ":16::26",
   ":16::25",
   ":16::17",
   ":16::19",
   ":16::18",
   ":16::26#out:1",
   ":16::25#out:1",
   ":16::19#out:1",
   ":16::18#out:1"
  ],
  "sameAsElement":false
 },
 {
  "hid":6,
  "sid":"sldemo_autotrans_3:212",
  "esid":"sldemo_autotrans_3:212",
  "parent":1,
  "children":[
   11
  ],
  "name":"ShiftLogic1",
  "fullname":"sldemo_autotrans_3/ShiftLogic1",
  "label":"ShiftLogic1",
  "icon":"sldemo_autotrans_34",
  "svg":"support/slwebview_files/sldemo_autotrans_3_212_d.svg",
  "thumbnail":"support/slwebview_files/sldemo_autotrans_3_212_d.png",
  "backingUrl":"support/slwebview_files/sldemo_autotrans_3_212_d.json",
  "elements":[
   ":212:33",
   ":212:7",
   ":212:1",
   ":212:9",
   ":212:8",
   ":212:23",
   ":212:22",
   ":212:21",
   ":212:19",
   ":212:17",
   ":212:20",
   ":212:18",
   ":212:2",
   ":212:5",
   ":212:4",
   ":212:6",
   ":212:3",
   ":212:15",
   ":212:12",
   ":212:16",
   ":212:11",
   ":212:13",
   ":212:10",
   ":212:14"
  ],
  "sameAsElement":false
 },
 {
  "hid":11,
  "sid":"sldemo_autotrans_3:212::16",
  "esid":"sldemo_autotrans_3:212:33",
  "parent":6,
  "children":[
  ],
  "name":"ComputeThreshold",
  "fullname":"sldemo_autotrans_3/ShiftLogic1/ComputeThreshold",
  "label":"ComputeThreshold",
  "icon":"sldemo_autotrans_33",
  "svg":"support/slwebview_files/sldemo_autotrans_3_212__16_d.svg",
  "thumbnail":"support/slwebview_files/sldemo_autotrans_3_212__16_d.png",
  "backingUrl":"support/slwebview_files/sldemo_autotrans_3_212__16_d.json",
  "elements":[
   ":212::36",
   ":212::23",
   ":212::22",
   ":212::26",
   ":212::25",
   ":212::17",
   ":212::19",
   ":212::18",
   ":212::26#out:1",
   ":212::25#out:1",
   ":212::19#out:1",
   ":212::18#out:1"
  ],
  "sameAsElement":false
 },
 {
  "hid":7,
  "sid":"sldemo_autotrans_3:25",
  "esid":"sldemo_autotrans_3:25",
  "parent":1,
  "children":[
   10
  ],
  "name":"Transmission",
  "fullname":"sldemo_autotrans_3/Transmission",
  "label":"Transmission",
  "icon":"sldemo_autotrans_33",
  "svg":"support/slwebview_files/sldemo_autotrans_3_25_d.svg",
  "thumbnail":"support/slwebview_files/sldemo_autotrans_3_25_d.png",
  "backingUrl":"support/slwebview_files/sldemo_autotrans_3_25_d.json",
  "elements":[
   ":92",
   ":50",
   ":49",
   ":40",
   ":29",
   ":28",
   ":27",
   ":26",
   ":40#out:1",
   ":29#out:1",
   ":28#out:1",
   ":27#out:1",
   ":26#out:1",
   ":40#out:2",
   ":29#out:2"
  ],
  "sameAsElement":true
 },
 {
  "hid":10,
  "sid":"sldemo_autotrans_3:40",
  "esid":"sldemo_autotrans_3:40",
  "parent":7,
  "children":[
  ],
  "name":"TransmissionRatio",
  "fullname":"sldemo_autotrans_3/Transmission/TransmissionRatio",
  "label":"TransmissionRatio",
  "icon":"sldemo_autotrans_33",
  "svg":"support/slwebview_files/sldemo_autotrans_3_40_d.svg",
  "thumbnail":"support/slwebview_files/sldemo_autotrans_3_40_d.png",
  "backingUrl":"support/slwebview_files/sldemo_autotrans_3_40_d.json",
  "elements":[
   ":91",
   ":48",
   ":47",
   ":76",
   ":46",
   ":45",
   ":43",
   ":42",
   ":41",
   ":76#out:1",
   ":43#out:1",
   ":46#out:1",
   ":45#out:1",
   ":41#out:1",
   ":42#out:1"
  ],
  "sameAsElement":true
 },
 {
  "hid":8,
  "sid":"sldemo_autotrans_3:213",
  "esid":"sldemo_autotrans_3:213",
  "parent":1,
  "children":[
   9
  ],
  "name":"Transmission1",
  "fullname":"sldemo_autotrans_3/Transmission1",
  "label":"Transmission1",
  "icon":"sldemo_autotrans_33",
  "svg":"support/slwebview_files/sldemo_autotrans_3_213_d.svg",
  "thumbnail":"support/slwebview_files/sldemo_autotrans_3_213_d.png",
  "backingUrl":"support/slwebview_files/sldemo_autotrans_3_213_d.json",
  "elements":[
   ":241",
   ":240",
   ":239",
   ":229",
   ":217",
   ":216",
   ":215",
   ":214",
   ":229#out:1",
   ":217#out:1",
   ":216#out:1",
   ":215#out:1",
   ":214#out:1",
   ":229#out:2",
   ":217#out:2"
  ],
  "sameAsElement":true
 },
 {
  "hid":9,
  "sid":"sldemo_autotrans_3:229",
  "esid":"sldemo_autotrans_3:229",
  "parent":8,
  "children":[
  ],
  "name":"TransmissionRatio",
  "fullname":"sldemo_autotrans_3/Transmission1/TransmissionRatio",
  "label":"TransmissionRatio",
  "icon":"sldemo_autotrans_33",
  "svg":"support/slwebview_files/sldemo_autotrans_3_229_d.svg",
  "thumbnail":"support/slwebview_files/sldemo_autotrans_3_229_d.png",
  "backingUrl":"support/slwebview_files/sldemo_autotrans_3_229_d.json",
  "elements":[
   ":238",
   ":237",
   ":236",
   ":235",
   ":234",
   ":233",
   ":232",
   ":231",
   ":230",
   ":235#out:1",
   ":232#out:1",
   ":234#out:1",
   ":233#out:1",
   ":230#out:1",
   ":231#out:1"
  ],
  "sameAsElement":true
 }
]