[
 {
  "sid":"sldemo_autotrans_3",
  "className":"Simulink.BlockDiagram",
  "icon":"sldemo_autotrans_30",
  "name":"sldemo_autotrans_3",
  "label":"sldemo_autotrans_3*",
  "parent":"",
  "inspector":{
   "params":[
    "ModelVersion",
    "LastModifiedDate",
    "LibraryLinkDisplay",
    "ModelBrowserVisibility",
    "Dirty",
    "Description"
   ],
   "values":[
    "1.258",
    "Wed Nov 10 16:59:00 2021",
    "none",
    "off",
    "on",
    "Modeling an Automatic Transmission Controller \n\nIn this example, Simulink(R) is used to model an automotive drivetrain. Stateflow(R)\nenhances the Simulink model with its representation of the transmission\ncontrol logic. Simulink provides a powerful environment for the modeling and\nsimulation of dynamic systems and processes. In many systems, though,\nsupervisory functions like changing modes or invoking new gain schedules must\nrespond to events that may occur and conditions that develop over time. As a\nresult, the environment requires a language capable of managing these multiple\nmodes and developing conditions. In the following example, Stateflow\ndemonstrates its strength in this capacity by performing the function of gear\nselection in an automatic transmission. This function is combined with the\ndrivetrain dynamics in a natural and intuitive manner by incorporating a\nStateflow block in the Simulink block diagram.\n"
   ],
   "tabs":[
   ],
   "tabs_idx":[
   ]
  },
  "viewer":{
   "jshandler":"webview/handlers/ElementHandler"
  },
  "obj_viewer":[
  ],
  "finder":[
  ]
 },
 {
  "sid":"sldemo_autotrans_3:1",
  "className":"Simulink.SubSystem",
  "icon":"sldemo_autotrans_33",
  "name":"Engine",
  "label":"Engine",
  "parent":"sldemo_autotrans_3",
  "inspector":{
   "params":[
    "ShowPortLabels",
    "Permissions",
    "ErrorFcn",
    "PermitHierarchicalResolution",
    "TreatAsAtomicUnit",
    "TreatAsGroupedWhenPropagatingVariantConditions",
    "RTWSystemCode",
    "ReferencedSubsystem",
    "AllowZeroVariantControls",
    "AutoFrameSizeCalculation",
    "BlockChoice",
    "CompiledActiveChoiceBlock",
    "CompiledActiveChoiceControl",
    "ExecutionDomainType",
    "FunctionInterfaceSpec",
    "FunctionWithSeparateData",
    "GeneratePreprocessorConditionals",
    "IsSubsystemVirtual",
    "LabelModeActiveChoice",
    "Latency",
    "MemberBlocks",
    "MinAlgLoopOccurrences",
    "PartitionName",
    "PropagateVariantConditions",
    "RTWFcnName",
    "RTWFcnNameOpts",
    "RTWFileName",
    "RTWFileNameOpts",
    "RTWMemSecDataConstants",
    "RTWMemSecDataInternal",
    "RTWMemSecDataParameters",
    "RTWMemSecFuncExecute",
    "RTWMemSecFuncInitTerm",
    "ScheduleAs",
    "SetExecutionDomain",
    "SystemSampleTime",
    "TemplateBlock",
    "Variant",
    "VariantControl",
    "VariantControlMode"
   ],
   "values":[
    "FromPortIcon",
    "ReadWrite",
    "",
    "All",
    "off",
    "on",
    "Auto",
    "",
    "off",
    "off",
    "",
    "",
    "",
    "Deduce",
    "void_void",
    "off",
    "off",
    "on",
    "",
    "0",
    "",
    "off",
    "",
    "off",
    "",
    "Auto",
    "",
    "Auto",
    "Inherit from model",
    "Inherit from model",
    "Inherit from model",
    "Inherit from model",
    "Inherit from model",
    "Sample time",
    "off",
    "-1",
    "",
    "off",
    "",
    "Expression"
   ],
   "tabs":[
    "Main",
    "Code Generation",
    "Subsystem Reference",
    "-Other"
   ],
   "tabs_idx":[
    0,
    6,
    7,
    8
   ]
  },
  "viewer":{
   "jshandler":"webview/handlers/ElementHandler"
  },
  "obj_viewer":[
  ],
  "finder":{
   "blocktype":"SubSystem",
   "masktype":""
  }
 },
 {
  "sid":"sldemo_autotrans_3:194",
  "className":"Simulink.SubSystem",
  "icon":"sldemo_autotrans_33",
  "name":"Engine1",
  "label":"Engine1",
  "parent":"sldemo_autotrans_3",
  "inspector":{
   "params":[
    "ShowPortLabels",
    "Permissions",
    "ErrorFcn",
    "PermitHierarchicalResolution",
    "TreatAsAtomicUnit",
    "TreatAsGroupedWhenPropagatingVariantConditions",
    "RTWSystemCode",
    "ReferencedSubsystem",
    "AllowZeroVariantControls",
    "AutoFrameSizeCalculation",
    "BlockChoice",
    "CompiledActiveChoiceBlock",
    "CompiledActiveChoiceControl",
    "ExecutionDomainType",
    "FunctionInterfaceSpec",
    "FunctionWithSeparateData",
    "GeneratePreprocessorConditionals",
    "IsSubsystemVirtual",
    "LabelModeActiveChoice",
    "Latency",
    "MemberBlocks",
    "MinAlgLoopOccurrences",
    "PartitionName",
    "PropagateVariantConditions",
    "RTWFcnName",
    "RTWFcnNameOpts",
    "RTWFileName",
    "RTWFileNameOpts",
    "RTWMemSecDataConstants",
    "RTWMemSecDataInternal",
    "RTWMemSecDataParameters",
    "RTWMemSecFuncExecute",
    "RTWMemSecFuncInitTerm",
    "ScheduleAs",
    "SetExecutionDomain",
    "SystemSampleTime",
    "TemplateBlock",
    "Variant",
    "VariantControl",
    "VariantControlMode"
   ],
   "values":[
    "FromPortIcon",
    "ReadWrite",
    "",
    "All",
    "off",
    "on",
    "Auto",
    "",
    "off",
    "off",
    "",
    "",
    "",
    "Deduce",
    "void_void",
    "off",
    "off",
    "on",
    "",
    "0",
    "",
    "off",
    "",
    "off",
    "",
    "Auto",
    "",
    "Auto",
    "Inherit from model",
    "Inherit from model",
    "Inherit from model",
    "Inherit from model",
    "Inherit from model",
    "Sample time",
    "off",
    "-1",
    "",
    "off",
    "",
    "Expression"
   ],
   "tabs":[
    "Main",
    "Code Generation",
    "Subsystem Reference",
    "-Other"
   ],
   "tabs_idx":[
    0,
    6,
    7,
    8
   ]
  },
  "viewer":{
   "jshandler":"webview/handlers/ElementHandler"
  },
  "obj_viewer":[
  ],
  "finder":{
   "blocktype":"SubSystem",
   "masktype":""
  }
 },
 {
  "sid":"sldemo_autotrans_3:109",
  "className":"Simulink.SubSystem",
  "icon":"sldemo_autotrans_33",
  "name":"Ports & Subsystems",
  "label":"Ports & Subsystems",
  "parent":"sldemo_autotrans_3",
  "inspector":{
   "params":[
    "ShowPortLabels",
    "Permissions",
    "ErrorFcn",
    "PermitHierarchicalResolution",
    "TreatAsAtomicUnit",
    "TreatAsGroupedWhenPropagatingVariantConditions",
    "RTWSystemCode",
    "ReferencedSubsystem",
    "AllowZeroVariantControls",
    "AutoFrameSizeCalculation",
    "BlockChoice",
    "CompiledActiveChoiceBlock",
    "CompiledActiveChoiceControl",
    "ExecutionDomainType",
    "FunctionInterfaceSpec",
    "FunctionWithSeparateData",
    "GeneratePreprocessorConditionals",
    "IsSubsystemVirtual",
    "LabelModeActiveChoice",
    "Latency",
    "MemberBlocks",
    "MinAlgLoopOccurrences",
    "PartitionName",
    "PropagateVariantConditions",
    "RTWFcnName",
    "RTWFcnNameOpts",
    "RTWFileName",
    "RTWFileNameOpts",
    "RTWMemSecDataConstants",
    "RTWMemSecDataInternal",
    "RTWMemSecDataParameters",
    "RTWMemSecFuncExecute",
    "RTWMemSecFuncInitTerm",
    "ScheduleAs",
    "SetExecutionDomain",
    "SystemSampleTime",
    "TemplateBlock",
    "Variant",
    "VariantControl",
    "VariantControlMode"
   ],
   "values":[
    "FromPortIcon",
    "ReadWrite",
    "",
    "All",
    "off",
    "on",
    "Auto",
    "",
    "off",
    "off",
    "",
    "",
    "",
    "Deduce",
    "void_void",
    "off",
    "off",
    "off",
    "",
    "0",
    "",
    "off",
    "",
    "off",
    "",
    "Auto",
    "",
    "Auto",
    "Inherit from model",
    "Inherit from model",
    "Inherit from model",
    "Inherit from model",
    "Inherit from model",
    "Sample time",
    "off",
    "-1",
    "",
    "off",
    "",
    "Expression"
   ],
   "tabs":[
    "Main",
    "Code Generation",
    "Subsystem Reference",
    "-Other"
   ],
   "tabs_idx":[
    0,
    6,
    7,
    8
   ]
  },
  "viewer":{
   "jshandler":"webview/handlers/ElementHandler"
  },
  "obj_viewer":[
  ],
  "finder":{
   "blocktype":"SubSystem",
   "masktype":""
  }
 },
 {
  "sid":"sldemo_autotrans_3:115",
  "className":"Simulink.SubSystem",
  "icon":"sldemo_autotrans_33",
  "name":"Enabled Subsystem",
  "label":"Enabled Subsystem",
  "parent":"sldemo_autotrans_3:109",
  "inspector":{
   "params":[
    "ShowPortLabels",
    "Permissions",
    "ErrorFcn",
    "PermitHierarchicalResolution",
    "TreatAsAtomicUnit",
    "TreatAsGroupedWhenPropagatingVariantConditions",
    "RTWSystemCode",
    "ReferencedSubsystem",
    "AllowZeroVariantControls",
    "AutoFrameSizeCalculation",
    "BlockChoice",
    "CompiledActiveChoiceBlock",
    "CompiledActiveChoiceControl",
    "ExecutionDomainType",
    "FunctionInterfaceSpec",
    "FunctionWithSeparateData",
    "GeneratePreprocessorConditionals",
    "IsSubsystemVirtual",
    "LabelModeActiveChoice",
    "Latency",
    "MemberBlocks",
    "MinAlgLoopOccurrences",
    "PartitionName",
    "PropagateVariantConditions",
    "RTWFcnName",
    "RTWFcnNameOpts",
    "RTWFileName",
    "RTWFileNameOpts",
    "RTWMemSecDataConstants",
    "RTWMemSecDataInternal",
    "RTWMemSecDataParameters",
    "RTWMemSecFuncExecute",
    "RTWMemSecFuncInitTerm",
    "ScheduleAs",
    "SetExecutionDomain",
    "SystemSampleTime",
    "TemplateBlock",
    "Variant",
    "VariantControl",
    "VariantControlMode"
   ],
   "values":[
    "FromPortIcon",
    "ReadWrite",
    "",
    "All",
    "on",
    "on",
    "Auto",
    "",
    "off",
    "off",
    "",
    "",
    "",
    "Deduce",
    "void_void",
    "off",
    "off",
    "off",
    "",
    "0",
    "",
    "off",
    "",
    "off",
    "",
    "Auto",
    "",
    "Auto",
    "Inherit from model",
    "Inherit from model",
    "Inherit from model",
    "Inherit from model",
    "Inherit from model",
    "Sample time",
    "off",
    "-1",
    "",
    "off",
    "",
    "Expression"
   ],
   "tabs":[
    "Main",
    "Code Generation",
    "Subsystem Reference",
    "-Other"
   ],
   "tabs_idx":[
    0,
    6,
    7,
    8
   ]
  },
  "viewer":{
   "jshandler":"webview/handlers/ElementHandler"
  },
  "obj_viewer":[
  ],
  "finder":{
   "blocktype":"SubSystem",
   "masktype":""
  }
 },
 {
  "sid":"sldemo_autotrans_3:16",
  "className":"Stateflow.Chart",
  "icon":"sldemo_autotrans_34",
  "name":"ShiftLogic",
  "label":"ShiftLogic",
  "parent":"sldemo_autotrans_3",
  "inspector":{
   "params":[
    "ActionLanguage",
    "StateMachineType",
    "ChartUpdate",
    "SampleTime",
    "EnableBitOps",
    "UserSpecifiedStateTransitionExecutionOrder",
    "ExportChartFunctions",
    "AllowGlobalAccessToExportedFunctions",
    "StrongDataTypingWithSimulink",
    "ExecuteAtInitialization",
    "InitializeOutput",
    "EnableNonTerminalStates",
    "SupportVariableSizing",
    "SaturateOnIntegerOverflow",
    "GeneratePreprocessorConditionals",
    "HasOutputData",
    "OutputMonitoringMode",
    "Description",
    "Document"
   ],
   "values":[
    "C",
    "Classic",
    "DISCRETE",
    "0.04",
    false,
    false,
    false,
    true,
    true,
    false,
    false,
    false,
    false,
    false,
    false,
    false,
    "ChildActivity",
    "",
    ""
   ],
   "tabs":[
    "General",
    "Documentation"
   ],
   "tabs_idx":[
    0,
    17
   ]
  },
  "viewer":{
   "jshandler":"webview/handlers/ElementHandler"
  },
  "obj_viewer":[
  ],
  "finder":[
  ]
 },
 {
  "sid":"sldemo_autotrans_3:16::16",
  "className":"Simulink.SubSystem",
  "icon":"sldemo_autotrans_33",
  "name":"ComputeThreshold",
  "label":"ComputeThreshold",
  "parent":"sldemo_autotrans_3:16",
  "inspector":{
   "params":[
    "ShowPortLabels",
    "Permissions",
    "ErrorFcn",
    "PermitHierarchicalResolution",
    "TreatAsAtomicUnit",
    "TreatAsGroupedWhenPropagatingVariantConditions",
    "RTWSystemCode",
    "ReferencedSubsystem",
    "AllowZeroVariantControls",
    "AutoFrameSizeCalculation",
    "BlockChoice",
    "CompiledActiveChoiceBlock",
    "CompiledActiveChoiceControl",
    "ExecutionDomainType",
    "FunctionInterfaceSpec",
    "FunctionWithSeparateData",
    "GeneratePreprocessorConditionals",
    "IsSubsystemVirtual",
    "LabelModeActiveChoice",
    "Latency",
    "MemberBlocks",
    "MinAlgLoopOccurrences",
    "PartitionName",
    "PropagateVariantConditions",
    "RTWFcnName",
    "RTWFcnNameOpts",
    "RTWFileName",
    "RTWFileNameOpts",
    "RTWMemSecDataConstants",
    "RTWMemSecDataInternal",
    "RTWMemSecDataParameters",
    "RTWMemSecFuncExecute",
    "RTWMemSecFuncInitTerm",
    "ScheduleAs",
    "SetExecutionDomain",
    "SystemSampleTime",
    "TemplateBlock",
    "Variant",
    "VariantControl",
    "VariantControlMode"
   ],
   "values":[
    "FromPortIcon",
    "ReadWrite",
    "",
    "All",
    "off",
    "on",
    "Auto",
    "",
    "off",
    "off",
    "",
    "",
    "",
    "Deduce",
    "void_void",
    "off",
    "off",
    "off",
    "",
    "0",
    "",
    "off",
    "",
    "off",
    "",
    "Auto",
    "",
    "Auto",
    "Inherit from model",
    "Inherit from model",
    "Inherit from model",
    "Inherit from model",
    "Inherit from model",
    "Sample time",
    "off",
    "-1",
    "",
    "off",
    "",
    "Expression"
   ],
   "tabs":[
    "Main",
    "Code Generation",
    "Subsystem Reference",
    "-Other"
   ],
   "tabs_idx":[
    0,
    6,
    7,
    8
   ]
  },
  "viewer":{
   "jshandler":"webview/handlers/ElementHandler"
  },
  "obj_viewer":[
  ],
  "finder":{
   "blocktype":"SubSystem",
   "masktype":""
  }
 },
 {
  "sid":"sldemo_autotrans_3:212",
  "className":"Stateflow.Chart",
  "icon":"sldemo_autotrans_34",
  "name":"ShiftLogic1",
  "label":"ShiftLogic1",
  "parent":"sldemo_autotrans_3",
  "inspector":{
   "params":[
    "ActionLanguage",
    "StateMachineType",
    "ChartUpdate",
    "SampleTime",
    "EnableBitOps",
    "UserSpecifiedStateTransitionExecutionOrder",
    "ExportChartFunctions",
    "AllowGlobalAccessToExportedFunctions",
    "StrongDataTypingWithSimulink",
    "ExecuteAtInitialization",
    "InitializeOutput",
    "EnableNonTerminalStates",
    "SupportVariableSizing",
    "SaturateOnIntegerOverflow",
    "GeneratePreprocessorConditionals",
    "HasOutputData",
    "OutputMonitoringMode",
    "Description",
    "Document"
   ],
   "values":[
    "C",
    "Classic",
    "DISCRETE",
    "0.04",
    false,
    false,
    false,
    true,
    true,
    false,
    false,
    false,
    false,
    false,
    false,
    false,
    "ChildActivity",
    "",
    ""
   ],
   "tabs":[
    "General",
    "Documentation"
   ],
   "tabs_idx":[
    0,
    17
   ]
  },
  "viewer":{
   "jshandler":"webview/handlers/ElementHandler"
  },
  "obj_viewer":[
  ],
  "finder":[
  ]
 },
 {
  "sid":"sldemo_autotrans_3:212::16",
  "className":"Simulink.SubSystem",
  "icon":"sldemo_autotrans_33",
  "name":"ComputeThreshold",
  "label":"ComputeThreshold",
  "parent":"sldemo_autotrans_3:212",
  "inspector":{
   "params":[
    "ShowPortLabels",
    "Permissions",
    "ErrorFcn",
    "PermitHierarchicalResolution",
    "TreatAsAtomicUnit",
    "TreatAsGroupedWhenPropagatingVariantConditions",
    "RTWSystemCode",
    "ReferencedSubsystem",
    "AllowZeroVariantControls",
    "AutoFrameSizeCalculation",
    "BlockChoice",
    "CompiledActiveChoiceBlock",
    "CompiledActiveChoiceControl",
    "ExecutionDomainType",
    "FunctionInterfaceSpec",
    "FunctionWithSeparateData",
    "GeneratePreprocessorConditionals",
    "IsSubsystemVirtual",
    "LabelModeActiveChoice",
    "Latency",
    "MemberBlocks",
    "MinAlgLoopOccurrences",
    "PartitionName",
    "PropagateVariantConditions",
    "RTWFcnName",
    "RTWFcnNameOpts",
    "RTWFileName",
    "RTWFileNameOpts",
    "RTWMemSecDataConstants",
    "RTWMemSecDataInternal",
    "RTWMemSecDataParameters",
    "RTWMemSecFuncExecute",
    "RTWMemSecFuncInitTerm",
    "ScheduleAs",
    "SetExecutionDomain",
    "SystemSampleTime",
    "TemplateBlock",
    "Variant",
    "VariantControl",
    "VariantControlMode"
   ],
   "values":[
    "FromPortIcon",
    "ReadWrite",
    "",
    "All",
    "off",
    "on",
    "Auto",
    "",
    "off",
    "off",
    "",
    "",
    "",
    "Deduce",
    "void_void",
    "off",
    "off",
    "off",
    "",
    "0",
    "",
    "off",
    "",
    "off",
    "",
    "Auto",
    "",
    "Auto",
    "Inherit from model",
    "Inherit from model",
    "Inherit from model",
    "Inherit from model",
    "Inherit from model",
    "Sample time",
    "off",
    "-1",
    "",
    "off",
    "",
    "Expression"
   ],
   "tabs":[
    "Main",
    "Code Generation",
    "Subsystem Reference",
    "-Other"
   ],
   "tabs_idx":[
    0,
    6,
    7,
    8
   ]
  },
  "viewer":{
   "jshandler":"webview/handlers/ElementHandler"
  },
  "obj_viewer":[
  ],
  "finder":{
   "blocktype":"SubSystem",
   "masktype":""
  }
 },
 {
  "sid":"sldemo_autotrans_3:25",
  "className":"Simulink.SubSystem",
  "icon":"sldemo_autotrans_33",
  "name":"Transmission",
  "label":"Transmission",
  "parent":"sldemo_autotrans_3",
  "inspector":{
   "params":[
    "ShowPortLabels",
    "Permissions",
    "ErrorFcn",
    "PermitHierarchicalResolution",
    "TreatAsAtomicUnit",
    "TreatAsGroupedWhenPropagatingVariantConditions",
    "RTWSystemCode",
    "ReferencedSubsystem",
    "AllowZeroVariantControls",
    "AutoFrameSizeCalculation",
    "BlockChoice",
    "CompiledActiveChoiceBlock",
    "CompiledActiveChoiceControl",
    "ExecutionDomainType",
    "FunctionInterfaceSpec",
    "FunctionWithSeparateData",
    "GeneratePreprocessorConditionals",
    "IsSubsystemVirtual",
    "LabelModeActiveChoice",
    "Latency",
    "MemberBlocks",
    "MinAlgLoopOccurrences",
    "PartitionName",
    "PropagateVariantConditions",
    "RTWFcnName",
    "RTWFcnNameOpts",
    "RTWFileName",
    "RTWFileNameOpts",
    "RTWMemSecDataConstants",
    "RTWMemSecDataInternal",
    "RTWMemSecDataParameters",
    "RTWMemSecFuncExecute",
    "RTWMemSecFuncInitTerm",
    "ScheduleAs",
    "SetExecutionDomain",
    "SystemSampleTime",
    "TemplateBlock",
    "Variant",
    "VariantControl",
    "VariantControlMode"
   ],
   "values":[
    "FromPortIcon",
    "ReadWrite",
    "",
    "All",
    "off",
    "on",
    "Auto",
    "",
    "off",
    "off",
    "",
    "",
    "",
    "Deduce",
    "void_void",
    "off",
    "off",
    "on",
    "",
    "0",
    "",
    "off",
    "",
    "off",
    "",
    "Auto",
    "",
    "Auto",
    "Inherit from model",
    "Inherit from model",
    "Inherit from model",
    "Inherit from model",
    "Inherit from model",
    "Sample time",
    "off",
    "-1",
    "",
    "off",
    "",
    "Expression"
   ],
   "tabs":[
    "Main",
    "Code Generation",
    "Subsystem Reference",
    "-Other"
   ],
   "tabs_idx":[
    0,
    6,
    7,
    8
   ]
  },
  "viewer":{
   "jshandler":"webview/handlers/ElementHandler"
  },
  "obj_viewer":[
  ],
  "finder":{
   "blocktype":"SubSystem",
   "masktype":""
  }
 },
 {
  "sid":"sldemo_autotrans_3:40",
  "className":"Simulink.SubSystem",
  "icon":"sldemo_autotrans_33",
  "name":"TransmissionRatio",
  "label":"TransmissionRatio",
  "parent":"sldemo_autotrans_3:25",
  "inspector":{
   "params":[
    "ShowPortLabels",
    "Permissions",
    "ErrorFcn",
    "PermitHierarchicalResolution",
    "TreatAsAtomicUnit",
    "TreatAsGroupedWhenPropagatingVariantConditions",
    "RTWSystemCode",
    "ReferencedSubsystem",
    "AllowZeroVariantControls",
    "AutoFrameSizeCalculation",
    "BlockChoice",
    "CompiledActiveChoiceBlock",
    "CompiledActiveChoiceControl",
    "ExecutionDomainType",
    "FunctionInterfaceSpec",
    "FunctionWithSeparateData",
    "GeneratePreprocessorConditionals",
    "IsSubsystemVirtual",
    "LabelModeActiveChoice",
    "Latency",
    "MemberBlocks",
    "MinAlgLoopOccurrences",
    "PartitionName",
    "PropagateVariantConditions",
    "RTWFcnName",
    "RTWFcnNameOpts",
    "RTWFileName",
    "RTWFileNameOpts",
    "RTWMemSecDataConstants",
    "RTWMemSecDataInternal",
    "RTWMemSecDataParameters",
    "RTWMemSecFuncExecute",
    "RTWMemSecFuncInitTerm",
    "ScheduleAs",
    "SetExecutionDomain",
    "SystemSampleTime",
    "TemplateBlock",
    "Variant",
    "VariantControl",
    "VariantControlMode"
   ],
   "values":[
    "FromPortIcon",
    "ReadWrite",
    "",
    "All",
    "off",
    "on",
    "Auto",
    "",
    "off",
    "off",
    "",
    "",
    "",
    "Deduce",
    "void_void",
    "off",
    "off",
    "on",
    "",
    "0",
    "",
    "off",
    "",
    "off",
    "",
    "Auto",
    "",
    "Auto",
    "Inherit from model",
    "Inherit from model",
    "Inherit from model",
    "Inherit from model",
    "Inherit from model",
    "Sample time",
    "off",
    "-1",
    "",
    "off",
    "",
    "Expression"
   ],
   "tabs":[
    "Main",
    "Code Generation",
    "Subsystem Reference",
    "-Other"
   ],
   "tabs_idx":[
    0,
    6,
    7,
    8
   ]
  },
  "viewer":{
   "jshandler":"webview/handlers/ElementHandler"
  },
  "obj_viewer":[
  ],
  "finder":{
   "blocktype":"SubSystem",
   "masktype":""
  }
 },
 {
  "sid":"sldemo_autotrans_3:213",
  "className":"Simulink.SubSystem",
  "icon":"sldemo_autotrans_33",
  "name":"Transmission1",
  "label":"Transmission1",
  "parent":"sldemo_autotrans_3",
  "inspector":{
   "params":[
    "ShowPortLabels",
    "Permissions",
    "ErrorFcn",
    "PermitHierarchicalResolution",
    "TreatAsAtomicUnit",
    "TreatAsGroupedWhenPropagatingVariantConditions",
    "RTWSystemCode",
    "ReferencedSubsystem",
    "AllowZeroVariantControls",
    "AutoFrameSizeCalculation",
    "BlockChoice",
    "CompiledActiveChoiceBlock",
    "CompiledActiveChoiceControl",
    "ExecutionDomainType",
    "FunctionInterfaceSpec",
    "FunctionWithSeparateData",
    "GeneratePreprocessorConditionals",
    "IsSubsystemVirtual",
    "LabelModeActiveChoice",
    "Latency",
    "MemberBlocks",
    "MinAlgLoopOccurrences",
    "PartitionName",
    "PropagateVariantConditions",
    "RTWFcnName",
    "RTWFcnNameOpts",
    "RTWFileName",
    "RTWFileNameOpts",
    "RTWMemSecDataConstants",
    "RTWMemSecDataInternal",
    "RTWMemSecDataParameters",
    "RTWMemSecFuncExecute",
    "RTWMemSecFuncInitTerm",
    "ScheduleAs",
    "SetExecutionDomain",
    "SystemSampleTime",
    "TemplateBlock",
    "Variant",
    "VariantControl",
    "VariantControlMode"
   ],
   "values":[
    "FromPortIcon",
    "ReadWrite",
    "",
    "All",
    "off",
    "on",
    "Auto",
    "",
    "off",
    "off",
    "",
    "",
    "",
    "Deduce",
    "void_void",
    "off",
    "off",
    "on",
    "",
    "0",
    "",
    "off",
    "",
    "off",
    "",
    "Auto",
    "",
    "Auto",
    "Inherit from model",
    "Inherit from model",
    "Inherit from model",
    "Inherit from model",
    "Inherit from model",
    "Sample time",
    "off",
    "-1",
    "",
    "off",
    "",
    "Expression"
   ],
   "tabs":[
    "Main",
    "Code Generation",
    "Subsystem Reference",
    "-Other"
   ],
   "tabs_idx":[
    0,
    6,
    7,
    8
   ]
  },
  "viewer":{
   "jshandler":"webview/handlers/ElementHandler"
  },
  "obj_viewer":[
  ],
  "finder":{
   "blocktype":"SubSystem",
   "masktype":""
  }
 },
 {
  "sid":"sldemo_autotrans_3:229",
  "className":"Simulink.SubSystem",
  "icon":"sldemo_autotrans_33",
  "name":"TransmissionRatio",
  "label":"TransmissionRatio",
  "parent":"sldemo_autotrans_3:213",
  "inspector":{
   "params":[
    "ShowPortLabels",
    "Permissions",
    "ErrorFcn",
    "PermitHierarchicalResolution",
    "TreatAsAtomicUnit",
    "TreatAsGroupedWhenPropagatingVariantConditions",
    "RTWSystemCode",
    "ReferencedSubsystem",
    "AllowZeroVariantControls",
    "AutoFrameSizeCalculation",
    "BlockChoice",
    "CompiledActiveChoiceBlock",
    "CompiledActiveChoiceControl",
    "ExecutionDomainType",
    "FunctionInterfaceSpec",
    "FunctionWithSeparateData",
    "GeneratePreprocessorConditionals",
    "IsSubsystemVirtual",
    "LabelModeActiveChoice",
    "Latency",
    "MemberBlocks",
    "MinAlgLoopOccurrences",
    "PartitionName",
    "PropagateVariantConditions",
    "RTWFcnName",
    "RTWFcnNameOpts",
    "RTWFileName",
    "RTWFileNameOpts",
    "RTWMemSecDataConstants",
    "RTWMemSecDataInternal",
    "RTWMemSecDataParameters",
    "RTWMemSecFuncExecute",
    "RTWMemSecFuncInitTerm",
    "ScheduleAs",
    "SetExecutionDomain",
    "SystemSampleTime",
    "TemplateBlock",
    "Variant",
    "VariantControl",
    "VariantControlMode"
   ],
   "values":[
    "FromPortIcon",
    "ReadWrite",
    "",
    "All",
    "off",
    "on",
    "Auto",
    "",
    "off",
    "off",
    "",
    "",
    "",
    "Deduce",
    "void_void",
    "off",
    "off",
    "on",
    "",
    "0",
    "",
    "off",
    "",
    "off",
    "",
    "Auto",
    "",
    "Auto",
    "Inherit from model",
    "Inherit from model",
    "Inherit from model",
    "Inherit from model",
    "Inherit from model",
    "Sample time",
    "off",
    "-1",
    "",
    "off",
    "",
    "Expression"
   ],
   "tabs":[
    "Main",
    "Code Generation",
    "Subsystem Reference",
    "-Other"
   ],
   "tabs_idx":[
    0,
    6,
    7,
    8
   ]
  },
  "viewer":{
   "jshandler":"webview/handlers/ElementHandler"
  },
  "obj_viewer":[
  ],
  "finder":{
   "blocktype":"SubSystem",
   "masktype":""
  }
 }
]