[
 {
  "sid":"sldemo_autotrans_3:96",
  "className":"Simulink.Annotation",
  "icon":"sldemo_autotrans_31",
  "name":"Copyright 1990-2019 The MathWorks, Inc.",
  "label":"Copyright 1990-2019 The MathWorks, Inc.",
  "parent":"sldemo_autotrans_3",
  "inspector":{
   "params":[
    "Text",
    "DropShadow",
    "Interpreter",
    "FontName",
    "FontWeight",
    "FontSize",
    "FontAngle",
    "ForegroundColor",
    "BackgroundColor",
    "HorizontalAlignment",
    "UseDisplayTextAsClickCallback",
    "ClickFcn"
   ],
   "values":[
    "Copyright 1990-2019 The MathWorks, Inc.",
    "off",
    "off",
    "auto",
    "auto",
    -1,
    "auto",
    "black",
    "white",
    "center",
    "off",
    ""
   ],
   "tabs":[
   ],
   "tabs_idx":[
   ]
  },
  "viewer":{
   "jshandler":"webview/handlers/ElementHandler"
  },
  "obj_viewer":[
  ],
  "finder":[
  ]
 },
 {
  "sid":"sldemo_autotrans_3:95",
  "className":"Simulink.Annotation",
  "icon":"sldemo_autotrans_31",
  "name":"Modeling an Automatic Transmission Controller",
  "label":"Modeling an Automatic Transmission Controller",
  "parent":"sldemo_autotrans_3",
  "inspector":{
   "params":[
    "Text",
    "DropShadow",
    "Interpreter",
    "FontName",
    "FontWeight",
    "FontSize",
    "FontAngle",
    "ForegroundColor",
    "BackgroundColor",
    "HorizontalAlignment",
    "UseDisplayTextAsClickCallback",
    "ClickFcn"
   ],
   "values":[
    "Modeling an Automatic Transmission Controller",
    "off",
    "off",
    "Arial",
    "bold",
    18,
    "auto",
    "black",
    "white",
    "center",
    "off",
    ""
   ],
   "tabs":[
   ],
   "tabs_idx":[
   ]
  },
  "viewer":{
   "jshandler":"webview/handlers/ElementHandler"
  },
  "obj_viewer":[
  ],
  "finder":[
  ]
 },
 {
  "sid":"sldemo_autotrans_3:94",
  "className":"Simulink.Annotation",
  "icon":"sldemo_autotrans_31",
  "name":"     Double-click on ManeuversGUI and select a maneuver       ",
  "label":"     Double-click on ManeuversGUI and select a maneuver       ",
  "parent":"sldemo_autotrans_3",
  "inspector":{
   "params":[
    "Text",
    "DropShadow",
    "Interpreter",
    "FontName",
    "FontWeight",
    "FontSize",
    "FontAngle",
    "ForegroundColor",
    "BackgroundColor",
    "HorizontalAlignment",
    "UseDisplayTextAsClickCallback",
    "ClickFcn"
   ],
   "values":[
    "\n    Double-click on ManeuversGUI and select a maneuver    \n  ",
    "off",
    "off",
    "Arial",
    "auto",
    14,
    "auto",
    "black",
    "lightBlue",
    "center",
    "off",
    ""
   ],
   "tabs":[
   ],
   "tabs_idx":[
   ]
  },
  "viewer":{
   "jshandler":"webview/handlers/ElementHandler"
  },
  "obj_viewer":[
  ],
  "finder":[
  ]
 },
 {
  "sid":"sldemo_autotrans_3:51",
  "className":"vehicle model",
  "icon":"sldemo_autotrans_32",
  "name":"Vehicle",
  "label":"Vehicle",
  "parent":"sldemo_autotrans_3",
  "inspector":{
   "params":[
    "Rfd",
    "rload0",
    "rload2",
    "Rw",
    "Iv",
    "N20"
   ],
   "values":[
    "VEHICLE_DATA(1)",
    "VEHICLE_DATA(2)",
    "VEHICLE_DATA(3)",
    "VEHICLE_DATA(4)",
    "VEHICLE_DATA(5)",
    "VEHICLE_DATA(6)/VEHICLE_DATA(4)*VEHICLE_DATA(1)"
   ],
   "tabs":[
   ],
   "tabs_idx":[
   ]
  },
  "viewer":{
   "jshandler":"webview/handlers/ElementHandler"
  },
  "obj_viewer":[
  ],
  "finder":{
   "blocktype":"SubSystem",
   "masktype":"vehicle model"
  }
 },
 {
  "sid":"sldemo_autotrans_3:25",
  "className":"Simulink.SubSystem",
  "icon":"sldemo_autotrans_33",
  "name":"Transmission",
  "label":"Transmission",
  "parent":"sldemo_autotrans_3",
  "inspector":{
   "params":[
    "ShowPortLabels",
    "Permissions",
    "ErrorFcn",
    "PermitHierarchicalResolution",
    "TreatAsAtomicUnit",
    "TreatAsGroupedWhenPropagatingVariantConditions",
    "RTWSystemCode",
    "ReferencedSubsystem",
    "AllowZeroVariantControls",
    "AutoFrameSizeCalculation",
    "BlockChoice",
    "CompiledActiveChoiceBlock",
    "CompiledActiveChoiceControl",
    "ExecutionDomainType",
    "FunctionInterfaceSpec",
    "FunctionWithSeparateData",
    "GeneratePreprocessorConditionals",
    "IsSubsystemVirtual",
    "LabelModeActiveChoice",
    "Latency",
    "MemberBlocks",
    "MinAlgLoopOccurrences",
    "PartitionName",
    "PropagateVariantConditions",
    "RTWFcnName",
    "RTWFcnNameOpts",
    "RTWFileName",
    "RTWFileNameOpts",
    "RTWMemSecDataConstants",
    "RTWMemSecDataInternal",
    "RTWMemSecDataParameters",
    "RTWMemSecFuncExecute",
    "RTWMemSecFuncInitTerm",
    "ScheduleAs",
    "SetExecutionDomain",
    "SystemSampleTime",
    "TemplateBlock",
    "Variant",
    "VariantControl",
    "VariantControlMode"
   ],
   "values":[
    "FromPortIcon",
    "ReadWrite",
    "",
    "All",
    "off",
    "on",
    "Auto",
    "",
    "off",
    "off",
    "",
    "",
    "",
    "Deduce",
    "void_void",
    "off",
    "off",
    "on",
    "",
    "0",
    "",
    "off",
    "",
    "off",
    "",
    "Auto",
    "",
    "Auto",
    "Inherit from model",
    "Inherit from model",
    "Inherit from model",
    "Inherit from model",
    "Inherit from model",
    "Sample time",
    "off",
    "-1",
    "",
    "off",
    "",
    "Expression"
   ],
   "tabs":[
    "Main",
    "Code Generation",
    "Subsystem Reference",
    "-Other"
   ],
   "tabs_idx":[
    0,
    6,
    7,
    8
   ]
  },
  "viewer":{
   "jshandler":"webview/handlers/ElementHandler"
  },
  "obj_viewer":[
  ],
  "finder":{
   "blocktype":"SubSystem",
   "masktype":""
  }
 },
 {
  "sid":"sldemo_autotrans_3:16",
  "className":"Simulink.SubSystem",
  "icon":"sldemo_autotrans_34",
  "name":"ShiftLogic",
  "label":"ShiftLogic",
  "parent":"sldemo_autotrans_3",
  "inspector":{
   "params":[
    "ShowPortLabels",
    "Permissions",
    "ErrorFcn",
    "PermitHierarchicalResolution",
    "TreatAsAtomicUnit",
    "TreatAsGroupedWhenPropagatingVariantConditions",
    "RTWSystemCode",
    "ReferencedSubsystem",
    "AllowZeroVariantControls",
    "AutoFrameSizeCalculation",
    "BlockChoice",
    "CompiledActiveChoiceBlock",
    "CompiledActiveChoiceControl",
    "ExecutionDomainType",
    "FunctionInterfaceSpec",
    "FunctionWithSeparateData",
    "GeneratePreprocessorConditionals",
    "IsSubsystemVirtual",
    "LabelModeActiveChoice",
    "Latency",
    "MemberBlocks",
    "MinAlgLoopOccurrences",
    "PartitionName",
    "PropagateVariantConditions",
    "RTWFcnName",
    "RTWFcnNameOpts",
    "RTWFileName",
    "RTWFileNameOpts",
    "RTWMemSecDataConstants",
    "RTWMemSecDataInternal",
    "RTWMemSecDataParameters",
    "RTWMemSecFuncExecute",
    "RTWMemSecFuncInitTerm",
    "ScheduleAs",
    "SetExecutionDomain",
    "SystemSampleTime",
    "TemplateBlock",
    "Variant",
    "VariantControl",
    "VariantControlMode"
   ],
   "values":[
    "FromPortIcon",
    "ReadWrite",
    "Stateflow.Translate.translate",
    "ExplicitOnly",
    "on",
    "on",
    "Auto",
    "",
    "off",
    "off",
    "",
    "",
    "",
    "Deduce",
    "void_void",
    "off",
    "off",
    "off",
    "",
    "0",
    "",
    "off",
    "",
    "off",
    "",
    "Auto",
    "",
    "Auto",
    "Inherit from model",
    "Inherit from model",
    "Inherit from model",
    "Inherit from model",
    "Inherit from model",
    "Sample time",
    "off",
    "-1",
    "",
    "off",
    "",
    "Expression"
   ],
   "tabs":[
    "Main",
    "Code Generation",
    "Subsystem Reference",
    "-Other"
   ],
   "tabs_idx":[
    0,
    6,
    7,
    8
   ]
  },
  "viewer":{
   "jshandler":"webview/handlers/ElementHandler"
  },
  "obj_viewer":[
  ],
  "finder":{
   "blocktype":"SubSystem",
   "masktype":""
  }
 },
 {
  "sid":"sldemo_autotrans_3:15",
  "className":"Simulink.Scope",
  "icon":"sldemo_autotrans_35",
  "name":"PlotResults",
  "label":"PlotResults",
  "parent":"sldemo_autotrans_3",
  "inspector":[
  ],
  "viewer":{
   "jshandler":"webview/handlers/ElementHandler"
  },
  "obj_viewer":[
  ],
  "finder":{
   "blocktype":"Scope",
   "masktype":""
  }
 },
 {
  "sid":"sldemo_autotrans_3:14",
  "className":"Simulink.SubSystem",
  "icon":"sldemo_autotrans_33",
  "name":"More Info",
  "label":"More Info",
  "parent":"sldemo_autotrans_3",
  "inspector":{
   "params":[
    "ShowPortLabels",
    "BlockChoice",
    "TemplateBlock",
    "MemberBlocks",
    "Permissions",
    "ErrorFcn",
    "PermitHierarchicalResolution",
    "TreatAsAtomicUnit",
    "MinAlgLoopOccurrences",
    "ScheduleAs",
    "PartitionName",
    "SystemSampleTime",
    "SetExecutionDomain",
    "ExecutionDomainType",
    "RTWSystemCode",
    "RTWFcnNameOpts",
    "RTWFcnName",
    "RTWFileNameOpts",
    "RTWFileName",
    "FunctionInterfaceSpec",
    "FunctionWithSeparateData",
    "RTWMemSecFuncInitTerm",
    "RTWMemSecFuncExecute",
    "RTWMemSecDataConstants",
    "RTWMemSecDataInternal",
    "RTWMemSecDataParameters",
    "IsSubsystemVirtual",
    "Variant",
    "VariantControlMode",
    "VariantControl",
    "LabelModeActiveChoice",
    "GeneratePreprocessorConditionals",
    "AllowZeroVariantControls",
    "PropagateVariantConditions",
    "CompiledActiveChoiceControl",
    "CompiledActiveChoiceBlock",
    "TreatAsGroupedWhenPropagatingVariantConditions",
    "ReferencedSubsystem",
    "Latency",
    "AutoFrameSizeCalculation"
   ],
   "values":[
    "FromPortIcon",
    "",
    "",
    "",
    "ReadWrite",
    "",
    "All",
    "off",
    "off",
    "Sample time",
    "",
    "-1",
    "off",
    "Deduce",
    "Auto",
    "Auto",
    "",
    "Auto",
    "",
    "void_void",
    "off",
    "Inherit from model",
    "Inherit from model",
    "Inherit from model",
    "Inherit from model",
    "Inherit from model",
    "on",
    "off",
    "Expression",
    "",
    "",
    "off",
    "off",
    "off",
    "",
    "",
    "on",
    "",
    "0",
    "off"
   ],
   "tabs":[
   ],
   "tabs_idx":[
   ]
  },
  "viewer":{
   "jshandler":"webview/handlers/ElementHandler"
  },
  "obj_viewer":[
  ],
  "finder":{
   "blocktype":"SubSystem",
   "masktype":""
  }
 },
 {
  "sid":"sldemo_autotrans_3:9",
  "className":"Sigbuilder block",
  "icon":"sldemo_autotrans_32",
  "name":"ManeuversGUI",
  "label":"ManeuversGUI",
  "parent":"sldemo_autotrans_3",
  "inspector":{
   "params":[
    "tuvar"
   ],
   "values":[
    "[0:10]"
   ],
   "tabs":[
   ],
   "tabs_idx":[
   ]
  },
  "viewer":{
   "jshandler":"webview/handlers/ElementHandler"
  },
  "obj_viewer":[
  ],
  "finder":{
   "blocktype":"SubSystem",
   "masktype":"Sigbuilder block"
  }
 },
 {
  "sid":"sldemo_autotrans_3:1",
  "className":"Simulink.SubSystem",
  "icon":"sldemo_autotrans_33",
  "name":"Engine",
  "label":"Engine",
  "parent":"sldemo_autotrans_3",
  "inspector":{
   "params":[
    "ShowPortLabels",
    "Permissions",
    "ErrorFcn",
    "PermitHierarchicalResolution",
    "TreatAsAtomicUnit",
    "TreatAsGroupedWhenPropagatingVariantConditions",
    "RTWSystemCode",
    "ReferencedSubsystem",
    "AllowZeroVariantControls",
    "AutoFrameSizeCalculation",
    "BlockChoice",
    "CompiledActiveChoiceBlock",
    "CompiledActiveChoiceControl",
    "ExecutionDomainType",
    "FunctionInterfaceSpec",
    "FunctionWithSeparateData",
    "GeneratePreprocessorConditionals",
    "IsSubsystemVirtual",
    "LabelModeActiveChoice",
    "Latency",
    "MemberBlocks",
    "MinAlgLoopOccurrences",
    "PartitionName",
    "PropagateVariantConditions",
    "RTWFcnName",
    "RTWFcnNameOpts",
    "RTWFileName",
    "RTWFileNameOpts",
    "RTWMemSecDataConstants",
    "RTWMemSecDataInternal",
    "RTWMemSecDataParameters",
    "RTWMemSecFuncExecute",
    "RTWMemSecFuncInitTerm",
    "ScheduleAs",
    "SetExecutionDomain",
    "SystemSampleTime",
    "TemplateBlock",
    "Variant",
    "VariantControl",
    "VariantControlMode"
   ],
   "values":[
    "FromPortIcon",
    "ReadWrite",
    "",
    "All",
    "off",
    "on",
    "Auto",
    "",
    "off",
    "off",
    "",
    "",
    "",
    "Deduce",
    "void_void",
    "off",
    "off",
    "on",
    "",
    "0",
    "",
    "off",
    "",
    "off",
    "",
    "Auto",
    "",
    "Auto",
    "Inherit from model",
    "Inherit from model",
    "Inherit from model",
    "Inherit from model",
    "Inherit from model",
    "Sample time",
    "off",
    "-1",
    "",
    "off",
    "",
    "Expression"
   ],
   "tabs":[
    "Main",
    "Code Generation",
    "Subsystem Reference",
    "-Other"
   ],
   "tabs_idx":[
    0,
    6,
    7,
    8
   ]
  },
  "viewer":{
   "jshandler":"webview/handlers/ElementHandler"
  },
  "obj_viewer":[
  ],
  "finder":{
   "blocktype":"SubSystem",
   "masktype":""
  }
 },
 {
  "sid":"sldemo_autotrans_3:103",
  "className":"Simulink.SubSystem",
  "icon":"sldemo_autotrans_36",
  "name":"Model-Wide Utilities",
  "label":"Model-Wide Utilities",
  "parent":"sldemo_autotrans_3",
  "inspector":{
   "params":[
    "ShowPortLabels",
    "BlockChoice",
    "TemplateBlock",
    "MemberBlocks",
    "Permissions",
    "ErrorFcn",
    "PermitHierarchicalResolution",
    "TreatAsAtomicUnit",
    "MinAlgLoopOccurrences",
    "ScheduleAs",
    "PartitionName",
    "SystemSampleTime",
    "SetExecutionDomain",
    "ExecutionDomainType",
    "RTWSystemCode",
    "RTWFcnNameOpts",
    "RTWFcnName",
    "RTWFileNameOpts",
    "RTWFileName",
    "FunctionInterfaceSpec",
    "FunctionWithSeparateData",
    "RTWMemSecFuncInitTerm",
    "RTWMemSecFuncExecute",
    "RTWMemSecDataConstants",
    "RTWMemSecDataInternal",
    "RTWMemSecDataParameters",
    "IsSubsystemVirtual",
    "Variant",
    "VariantControlMode",
    "VariantControl",
    "LabelModeActiveChoice",
    "GeneratePreprocessorConditionals",
    "AllowZeroVariantControls",
    "PropagateVariantConditions",
    "CompiledActiveChoiceControl",
    "CompiledActiveChoiceBlock",
    "TreatAsGroupedWhenPropagatingVariantConditions",
    "ReferencedSubsystem",
    "Latency",
    "AutoFrameSizeCalculation"
   ],
   "values":[
    "FromPortIcon",
    "",
    "",
    "",
    "ReadWrite",
    "",
    "All",
    "off",
    "off",
    "Sample time",
    "",
    "-1",
    "off",
    "Deduce",
    "Auto",
    "Auto",
    "",
    "Auto",
    "",
    "void_void",
    "off",
    "Inherit from model",
    "Inherit from model",
    "Inherit from model",
    "Inherit from model",
    "Inherit from model",
    "on",
    "off",
    "Expression",
    "",
    "",
    "off",
    "off",
    "off",
    "",
    "",
    "on",
    "",
    "0",
    "off"
   ],
   "tabs":[
   ],
   "tabs_idx":[
   ]
  },
  "viewer":{
   "jshandler":"webview/handlers/ElementHandler"
  },
  "obj_viewer":[
  ],
  "finder":{
   "blocktype":"SubSystem",
   "masktype":""
  }
 },
 {
  "sid":"sldemo_autotrans_3:104",
  "className":"Simulink.SubSystem",
  "icon":"sldemo_autotrans_36",
  "name":"State Estimation",
  "label":"State Estimation",
  "parent":"sldemo_autotrans_3",
  "inspector":{
   "params":[
    "ShowPortLabels",
    "BlockChoice",
    "TemplateBlock",
    "MemberBlocks",
    "Permissions",
    "ErrorFcn",
    "PermitHierarchicalResolution",
    "TreatAsAtomicUnit",
    "MinAlgLoopOccurrences",
    "ScheduleAs",
    "PartitionName",
    "SystemSampleTime",
    "SetExecutionDomain",
    "ExecutionDomainType",
    "RTWSystemCode",
    "RTWFcnNameOpts",
    "RTWFcnName",
    "RTWFileNameOpts",
    "RTWFileName",
    "FunctionInterfaceSpec",
    "FunctionWithSeparateData",
    "RTWMemSecFuncInitTerm",
    "RTWMemSecFuncExecute",
    "RTWMemSecDataConstants",
    "RTWMemSecDataInternal",
    "RTWMemSecDataParameters",
    "IsSubsystemVirtual",
    "Variant",
    "VariantControlMode",
    "VariantControl",
    "LabelModeActiveChoice",
    "GeneratePreprocessorConditionals",
    "AllowZeroVariantControls",
    "PropagateVariantConditions",
    "CompiledActiveChoiceControl",
    "CompiledActiveChoiceBlock",
    "TreatAsGroupedWhenPropagatingVariantConditions",
    "ReferencedSubsystem",
    "Latency",
    "AutoFrameSizeCalculation"
   ],
   "values":[
    "FromPortIcon",
    "",
    "",
    "",
    "ReadWrite",
    "",
    "All",
    "off",
    "off",
    "Sample time",
    "",
    "-1",
    "off",
    "Deduce",
    "Auto",
    "Auto",
    "",
    "Auto",
    "",
    "void_void",
    "off",
    "Inherit from model",
    "Inherit from model",
    "Inherit from model",
    "Inherit from model",
    "Inherit from model",
    "on",
    "off",
    "Expression",
    "",
    "",
    "off",
    "off",
    "off",
    "",
    "",
    "on",
    "",
    "0",
    "off"
   ],
   "tabs":[
   ],
   "tabs_idx":[
   ]
  },
  "viewer":{
   "jshandler":"webview/handlers/ElementHandler"
  },
  "obj_viewer":[
  ],
  "finder":{
   "blocktype":"SubSystem",
   "masktype":""
  }
 },
 {
  "sid":"sldemo_autotrans_3:105",
  "className":"Simulink.SFunction",
  "icon":"sldemo_autotrans_35",
  "name":"Joystick Input",
  "label":"Joystick Input",
  "parent":"sldemo_autotrans_3",
  "inspector":{
   "params":[
    "joyid",
    "adjustports",
    "forcefeed"
   ],
   "values":[
    "1",
    "on",
    "off"
   ],
   "tabs":[
   ],
   "tabs_idx":[
   ]
  },
  "viewer":{
   "jshandler":"webview/handlers/ElementHandler"
  },
  "obj_viewer":[
  ],
  "finder":{
   "blocktype":"S-Function",
   "masktype":"Joystick Input"
  }
 },
 {
  "sid":"sldemo_autotrans_3:106",
  "className":"Simulink.SubSystem",
  "icon":"sldemo_autotrans_37",
  "name":"State Transition Table",
  "label":"State Transition Table",
  "parent":"sldemo_autotrans_3",
  "inspector":{
   "params":[
    "ShowPortLabels",
    "Permissions",
    "ErrorFcn",
    "PermitHierarchicalResolution",
    "TreatAsAtomicUnit",
    "TreatAsGroupedWhenPropagatingVariantConditions",
    "RTWSystemCode",
    "ReferencedSubsystem",
    "AllowZeroVariantControls",
    "AutoFrameSizeCalculation",
    "BlockChoice",
    "CompiledActiveChoiceBlock",
    "CompiledActiveChoiceControl",
    "ExecutionDomainType",
    "FunctionInterfaceSpec",
    "FunctionWithSeparateData",
    "GeneratePreprocessorConditionals",
    "IsSubsystemVirtual",
    "LabelModeActiveChoice",
    "Latency",
    "MemberBlocks",
    "MinAlgLoopOccurrences",
    "PartitionName",
    "PropagateVariantConditions",
    "RTWFcnName",
    "RTWFcnNameOpts",
    "RTWFileName",
    "RTWFileNameOpts",
    "RTWMemSecDataConstants",
    "RTWMemSecDataInternal",
    "RTWMemSecDataParameters",
    "RTWMemSecFuncExecute",
    "RTWMemSecFuncInitTerm",
    "ScheduleAs",
    "SetExecutionDomain",
    "SystemSampleTime",
    "TemplateBlock",
    "Variant",
    "VariantControl",
    "VariantControlMode"
   ],
   "values":[
    "FromPortIcon",
    "ReadWrite",
    "Stateflow.Translate.translate",
    "ExplicitOnly",
    "on",
    "on",
    "Auto",
    "",
    "off",
    "off",
    "",
    "",
    "",
    "Deduce",
    "void_void",
    "off",
    "off",
    "off",
    "",
    "0",
    "",
    "off",
    "",
    "off",
    "",
    "Auto",
    "",
    "Auto",
    "Inherit from model",
    "Inherit from model",
    "Inherit from model",
    "Inherit from model",
    "Inherit from model",
    "Sample time",
    "off",
    "-1",
    "",
    "off",
    "",
    "Expression"
   ],
   "tabs":[
    "Main",
    "Code Generation",
    "Subsystem Reference",
    "-Other"
   ],
   "tabs_idx":[
    0,
    6,
    7,
    8
   ]
  },
  "viewer":{
   "jshandler":"webview/handlers/ElementHandler"
  },
  "obj_viewer":{
   "href":"support/slwebview_files/sldemo_autotrans_3_106.html"
  },
  "finder":{
   "blocktype":"SubSystem",
   "masktype":""
  }
 },
 {
  "sid":"sldemo_autotrans_3:107",
  "className":"Simulink.CustomGaugeBlock",
  "icon":"sldemo_autotrans_35",
  "name":"Custom Gauge",
  "label":"Custom Gauge",
  "parent":"sldemo_autotrans_3",
  "inspector":{
   "params":[
    "tickInterval",
    "labelPosition",
    "Binding",
    "GaugeMax",
    "GaugeMin",
    "LabelPosition",
    "Limits",
    "ScaleColors",
    "ScaleMax",
    "ScaleMin",
    "ShowInitialText",
    "ShowPropertyInspector",
    "TickInterval"
   ],
   "values":[
    "auto",
    "Top",
    [
    ],
    "100",
    "0",
    "Top",
    [
     0,
     -1,
     100
    ],
    "",
    "100",
    "0",
    "on",
    "",
    "auto"
   ],
   "tabs":[
    "Parameter Attributes",
    "-Other"
   ],
   "tabs_idx":[
    0,
    2
   ]
  },
  "viewer":{
   "jshandler":"webview/handlers/ElementHandler"
  },
  "obj_viewer":[
  ],
  "finder":{
   "blocktype":"CustomGaugeBlock",
   "masktype":""
  }
 },
 {
  "sid":"sldemo_autotrans_3:108",
  "className":"Simulink.SubSystem",
  "icon":"sldemo_autotrans_36",
  "name":"Discrete",
  "label":"Discrete",
  "parent":"sldemo_autotrans_3",
  "inspector":{
   "params":[
    "ShowPortLabels",
    "BlockChoice",
    "TemplateBlock",
    "MemberBlocks",
    "Permissions",
    "ErrorFcn",
    "PermitHierarchicalResolution",
    "TreatAsAtomicUnit",
    "MinAlgLoopOccurrences",
    "ScheduleAs",
    "PartitionName",
    "SystemSampleTime",
    "SetExecutionDomain",
    "ExecutionDomainType",
    "RTWSystemCode",
    "RTWFcnNameOpts",
    "RTWFcnName",
    "RTWFileNameOpts",
    "RTWFileName",
    "FunctionInterfaceSpec",
    "FunctionWithSeparateData",
    "RTWMemSecFuncInitTerm",
    "RTWMemSecFuncExecute",
    "RTWMemSecDataConstants",
    "RTWMemSecDataInternal",
    "RTWMemSecDataParameters",
    "IsSubsystemVirtual",
    "Variant",
    "VariantControlMode",
    "VariantControl",
    "LabelModeActiveChoice",
    "GeneratePreprocessorConditionals",
    "AllowZeroVariantControls",
    "PropagateVariantConditions",
    "CompiledActiveChoiceControl",
    "CompiledActiveChoiceBlock",
    "TreatAsGroupedWhenPropagatingVariantConditions",
    "ReferencedSubsystem",
    "Latency",
    "AutoFrameSizeCalculation"
   ],
   "values":[
    "FromPortIcon",
    "",
    "",
    "",
    "ReadWrite",
    "",
    "All",
    "off",
    "off",
    "Sample time",
    "",
    "-1",
    "off",
    "Deduce",
    "Auto",
    "Auto",
    "",
    "Auto",
    "",
    "void_void",
    "off",
    "Inherit from model",
    "Inherit from model",
    "Inherit from model",
    "Inherit from model",
    "Inherit from model",
    "on",
    "off",
    "Expression",
    "",
    "",
    "off",
    "off",
    "off",
    "",
    "",
    "on",
    "",
    "0",
    "off"
   ],
   "tabs":[
   ],
   "tabs_idx":[
   ]
  },
  "viewer":{
   "jshandler":"webview/handlers/ElementHandler"
  },
  "obj_viewer":[
  ],
  "finder":{
   "blocktype":"SubSystem",
   "masktype":""
  }
 },
 {
  "sid":"sldemo_autotrans_3:109",
  "className":"Simulink.SubSystem",
  "icon":"sldemo_autotrans_33",
  "name":"Ports & Subsystems",
  "label":"Ports & Subsystems",
  "parent":"sldemo_autotrans_3",
  "inspector":{
   "params":[
    "ShowPortLabels",
    "Permissions",
    "ErrorFcn",
    "PermitHierarchicalResolution",
    "TreatAsAtomicUnit",
    "TreatAsGroupedWhenPropagatingVariantConditions",
    "RTWSystemCode",
    "ReferencedSubsystem",
    "AllowZeroVariantControls",
    "AutoFrameSizeCalculation",
    "BlockChoice",
    "CompiledActiveChoiceBlock",
    "CompiledActiveChoiceControl",
    "ExecutionDomainType",
    "FunctionInterfaceSpec",
    "FunctionWithSeparateData",
    "GeneratePreprocessorConditionals",
    "IsSubsystemVirtual",
    "LabelModeActiveChoice",
    "Latency",
    "MemberBlocks",
    "MinAlgLoopOccurrences",
    "PartitionName",
    "PropagateVariantConditions",
    "RTWFcnName",
    "RTWFcnNameOpts",
    "RTWFileName",
    "RTWFileNameOpts",
    "RTWMemSecDataConstants",
    "RTWMemSecDataInternal",
    "RTWMemSecDataParameters",
    "RTWMemSecFuncExecute",
    "RTWMemSecFuncInitTerm",
    "ScheduleAs",
    "SetExecutionDomain",
    "SystemSampleTime",
    "TemplateBlock",
    "Variant",
    "VariantControl",
    "VariantControlMode"
   ],
   "values":[
    "FromPortIcon",
    "ReadWrite",
    "",
    "All",
    "off",
    "on",
    "Auto",
    "",
    "off",
    "off",
    "",
    "",
    "",
    "Deduce",
    "void_void",
    "off",
    "off",
    "off",
    "",
    "0",
    "",
    "off",
    "",
    "off",
    "",
    "Auto",
    "",
    "Auto",
    "Inherit from model",
    "Inherit from model",
    "Inherit from model",
    "Inherit from model",
    "Inherit from model",
    "Sample time",
    "off",
    "-1",
    "",
    "off",
    "",
    "Expression"
   ],
   "tabs":[
    "Main",
    "Code Generation",
    "Subsystem Reference",
    "-Other"
   ],
   "tabs_idx":[
    0,
    6,
    7,
    8
   ]
  },
  "viewer":{
   "jshandler":"webview/handlers/ElementHandler"
  },
  "obj_viewer":[
  ],
  "finder":{
   "blocktype":"SubSystem",
   "masktype":""
  }
 },
 {
  "sid":"sldemo_autotrans_3:126",
  "className":"Simulink.SFunction",
  "icon":"sldemo_autotrans_35",
  "name":"VR Source",
  "label":"VR Source",
  "parent":"sldemo_autotrans_3",
  "inspector":{
   "params":[
    "SampleTime",
    "ViewEnable",
    "RemoteChange",
    "RemoteView",
    "FieldsRead",
    "WorldFileName",
    "WorldDescription",
    "AutoView",
    "VideoDimensions",
    "AllowVariableSize",
    "FigureProperties"
   ],
   "values":[
    "0.1",
    "on",
    "off",
    "on",
    "",
    "",
    "",
    "off",
    "[]",
    "off",
    ""
   ],
   "tabs":[
   ],
   "tabs_idx":[
   ]
  },
  "viewer":{
   "jshandler":"webview/handlers/ElementHandler"
  },
  "obj_viewer":[
  ],
  "finder":{
   "blocktype":"S-Function",
   "masktype":"Virtual Reality Source"
  }
 },
 {
  "sid":"sldemo_autotrans_3:127",
  "className":"User Custom Code",
  "icon":"sldemo_autotrans_36",
  "name":"Custom Code",
  "label":"Custom Code",
  "parent":"sldemo_autotrans_3",
  "inspector":{
   "params":[
    "ShowPortLabels",
    "BlockChoice",
    "TemplateBlock",
    "MemberBlocks",
    "Permissions",
    "ErrorFcn",
    "PermitHierarchicalResolution",
    "TreatAsAtomicUnit",
    "MinAlgLoopOccurrences",
    "ScheduleAs",
    "PartitionName",
    "SystemSampleTime",
    "SetExecutionDomain",
    "ExecutionDomainType",
    "RTWSystemCode",
    "RTWFcnNameOpts",
    "RTWFcnName",
    "RTWFileNameOpts",
    "RTWFileName",
    "FunctionInterfaceSpec",
    "FunctionWithSeparateData",
    "RTWMemSecFuncInitTerm",
    "RTWMemSecFuncExecute",
    "RTWMemSecDataConstants",
    "RTWMemSecDataInternal",
    "RTWMemSecDataParameters",
    "IsSubsystemVirtual",
    "Variant",
    "VariantControlMode",
    "VariantControl",
    "LabelModeActiveChoice",
    "GeneratePreprocessorConditionals",
    "AllowZeroVariantControls",
    "PropagateVariantConditions",
    "CompiledActiveChoiceControl",
    "CompiledActiveChoiceBlock",
    "TreatAsGroupedWhenPropagatingVariantConditions",
    "ReferencedSubsystem",
    "Latency",
    "AutoFrameSizeCalculation"
   ],
   "values":[
    "FromPortIcon",
    "",
    "",
    "",
    "ReadWrite",
    "",
    "All",
    "off",
    "off",
    "Sample time",
    "",
    "-1",
    "off",
    "Deduce",
    "Auto",
    "Auto",
    "",
    "Auto",
    "",
    "void_void",
    "off",
    "Inherit from model",
    "Inherit from model",
    "Inherit from model",
    "Inherit from model",
    "Inherit from model",
    "on",
    "off",
    "Expression",
    "",
    "",
    "off",
    "off",
    "off",
    "",
    "",
    "on",
    "",
    "0",
    "off"
   ],
   "tabs":[
   ],
   "tabs_idx":[
   ]
  },
  "viewer":{
   "jshandler":"webview/handlers/ElementHandler"
  },
  "obj_viewer":[
  ],
  "finder":{
   "blocktype":"SubSystem",
   "masktype":"User Custom Code"
  }
 },
 {
  "sid":"sldemo_autotrans_3:128",
  "className":"vehicle model",
  "icon":"sldemo_autotrans_32",
  "name":"Vehicle1",
  "label":"Vehicle1",
  "parent":"sldemo_autotrans_3",
  "inspector":{
   "params":[
    "Rfd",
    "rload0",
    "rload2",
    "Rw",
    "Iv",
    "N20"
   ],
   "values":[
    "VEHICLE_DATA(1)",
    "VEHICLE_DATA(2)",
    "VEHICLE_DATA(3)",
    "VEHICLE_DATA(4)",
    "VEHICLE_DATA(5)",
    "VEHICLE_DATA(6)/VEHICLE_DATA(4)*VEHICLE_DATA(1)"
   ],
   "tabs":[
   ],
   "tabs_idx":[
   ]
  },
  "viewer":{
   "jshandler":"webview/handlers/ElementHandler"
  },
  "obj_viewer":[
  ],
  "finder":{
   "blocktype":"SubSystem",
   "masktype":"vehicle model"
  }
 },
 {
  "sid":"sldemo_autotrans_3:148",
  "className":"vehicle model",
  "icon":"sldemo_autotrans_32",
  "name":"Vehicle2",
  "label":"Vehicle2",
  "parent":"sldemo_autotrans_3",
  "inspector":{
   "params":[
    "Rfd",
    "rload0",
    "rload2",
    "Rw",
    "Iv",
    "N20"
   ],
   "values":[
    "VEHICLE_DATA(1)",
    "VEHICLE_DATA(2)",
    "VEHICLE_DATA(3)",
    "VEHICLE_DATA(4)",
    "VEHICLE_DATA(5)",
    "VEHICLE_DATA(6)/VEHICLE_DATA(4)*VEHICLE_DATA(1)"
   ],
   "tabs":[
   ],
   "tabs_idx":[
   ]
  },
  "viewer":{
   "jshandler":"webview/handlers/ElementHandler"
  },
  "obj_viewer":[
  ],
  "finder":{
   "blocktype":"SubSystem",
   "masktype":"vehicle model"
  }
 },
 {
  "sid":"sldemo_autotrans_3:168",
  "className":"vehicle model",
  "icon":"sldemo_autotrans_32",
  "name":"Vehicle3",
  "label":"Vehicle3",
  "parent":"sldemo_autotrans_3",
  "inspector":{
   "params":[
    "Rfd",
    "rload0",
    "rload2",
    "Rw",
    "Iv",
    "N20"
   ],
   "values":[
    "VEHICLE_DATA(1)",
    "VEHICLE_DATA(2)",
    "VEHICLE_DATA(3)",
    "VEHICLE_DATA(4)",
    "VEHICLE_DATA(5)",
    "VEHICLE_DATA(6)/VEHICLE_DATA(4)*VEHICLE_DATA(1)"
   ],
   "tabs":[
   ],
   "tabs_idx":[
   ]
  },
  "viewer":{
   "jshandler":"webview/handlers/ElementHandler"
  },
  "obj_viewer":[
  ],
  "finder":{
   "blocktype":"SubSystem",
   "masktype":"vehicle model"
  }
 },
 {
  "sid":"sldemo_autotrans_3:188",
  "className":"Sigbuilder block",
  "icon":"sldemo_autotrans_32",
  "name":"ManeuversGUI1",
  "label":"ManeuversGUI1",
  "parent":"sldemo_autotrans_3",
  "inspector":{
   "params":[
    "tuvar"
   ],
   "values":[
    "[0:10]"
   ],
   "tabs":[
   ],
   "tabs_idx":[
   ]
  },
  "viewer":{
   "jshandler":"webview/handlers/ElementHandler"
  },
  "obj_viewer":[
  ],
  "finder":{
   "blocktype":"SubSystem",
   "masktype":"Sigbuilder block"
  }
 },
 {
  "sid":"sldemo_autotrans_3:242",
  "className":"vehicle model",
  "icon":"sldemo_autotrans_32",
  "name":"Vehicle4",
  "label":"Vehicle4",
  "parent":"sldemo_autotrans_3",
  "inspector":{
   "params":[
    "Rfd",
    "rload0",
    "rload2",
    "Rw",
    "Iv",
    "N20"
   ],
   "values":[
    "VEHICLE_DATA(1)",
    "VEHICLE_DATA(2)",
    "VEHICLE_DATA(3)",
    "VEHICLE_DATA(4)",
    "VEHICLE_DATA(5)",
    "VEHICLE_DATA(6)/VEHICLE_DATA(4)*VEHICLE_DATA(1)"
   ],
   "tabs":[
   ],
   "tabs_idx":[
   ]
  },
  "viewer":{
   "jshandler":"webview/handlers/ElementHandler"
  },
  "obj_viewer":[
  ],
  "finder":{
   "blocktype":"SubSystem",
   "masktype":"vehicle model"
  }
 },
 {
  "sid":"sldemo_autotrans_3:213",
  "className":"Simulink.SubSystem",
  "icon":"sldemo_autotrans_33",
  "name":"Transmission1",
  "label":"Transmission1",
  "parent":"sldemo_autotrans_3",
  "inspector":{
   "params":[
    "ShowPortLabels",
    "Permissions",
    "ErrorFcn",
    "PermitHierarchicalResolution",
    "TreatAsAtomicUnit",
    "TreatAsGroupedWhenPropagatingVariantConditions",
    "RTWSystemCode",
    "ReferencedSubsystem",
    "AllowZeroVariantControls",
    "AutoFrameSizeCalculation",
    "BlockChoice",
    "CompiledActiveChoiceBlock",
    "CompiledActiveChoiceControl",
    "ExecutionDomainType",
    "FunctionInterfaceSpec",
    "FunctionWithSeparateData",
    "GeneratePreprocessorConditionals",
    "IsSubsystemVirtual",
    "LabelModeActiveChoice",
    "Latency",
    "MemberBlocks",
    "MinAlgLoopOccurrences",
    "PartitionName",
    "PropagateVariantConditions",
    "RTWFcnName",
    "RTWFcnNameOpts",
    "RTWFileName",
    "RTWFileNameOpts",
    "RTWMemSecDataConstants",
    "RTWMemSecDataInternal",
    "RTWMemSecDataParameters",
    "RTWMemSecFuncExecute",
    "RTWMemSecFuncInitTerm",
    "ScheduleAs",
    "SetExecutionDomain",
    "SystemSampleTime",
    "TemplateBlock",
    "Variant",
    "VariantControl",
    "VariantControlMode"
   ],
   "values":[
    "FromPortIcon",
    "ReadWrite",
    "",
    "All",
    "off",
    "on",
    "Auto",
    "",
    "off",
    "off",
    "",
    "",
    "",
    "Deduce",
    "void_void",
    "off",
    "off",
    "on",
    "",
    "0",
    "",
    "off",
    "",
    "off",
    "",
    "Auto",
    "",
    "Auto",
    "Inherit from model",
    "Inherit from model",
    "Inherit from model",
    "Inherit from model",
    "Inherit from model",
    "Sample time",
    "off",
    "-1",
    "",
    "off",
    "",
    "Expression"
   ],
   "tabs":[
    "Main",
    "Code Generation",
    "Subsystem Reference",
    "-Other"
   ],
   "tabs_idx":[
    0,
    6,
    7,
    8
   ]
  },
  "viewer":{
   "jshandler":"webview/handlers/ElementHandler"
  },
  "obj_viewer":[
  ],
  "finder":{
   "blocktype":"SubSystem",
   "masktype":""
  }
 },
 {
  "sid":"sldemo_autotrans_3:212",
  "className":"Simulink.SubSystem",
  "icon":"sldemo_autotrans_34",
  "name":"ShiftLogic1",
  "label":"ShiftLogic1",
  "parent":"sldemo_autotrans_3",
  "inspector":{
   "params":[
    "ShowPortLabels",
    "Permissions",
    "ErrorFcn",
    "PermitHierarchicalResolution",
    "TreatAsAtomicUnit",
    "TreatAsGroupedWhenPropagatingVariantConditions",
    "RTWSystemCode",
    "ReferencedSubsystem",
    "AllowZeroVariantControls",
    "AutoFrameSizeCalculation",
    "BlockChoice",
    "CompiledActiveChoiceBlock",
    "CompiledActiveChoiceControl",
    "ExecutionDomainType",
    "FunctionInterfaceSpec",
    "FunctionWithSeparateData",
    "GeneratePreprocessorConditionals",
    "IsSubsystemVirtual",
    "LabelModeActiveChoice",
    "Latency",
    "MemberBlocks",
    "MinAlgLoopOccurrences",
    "PartitionName",
    "PropagateVariantConditions",
    "RTWFcnName",
    "RTWFcnNameOpts",
    "RTWFileName",
    "RTWFileNameOpts",
    "RTWMemSecDataConstants",
    "RTWMemSecDataInternal",
    "RTWMemSecDataParameters",
    "RTWMemSecFuncExecute",
    "RTWMemSecFuncInitTerm",
    "ScheduleAs",
    "SetExecutionDomain",
    "SystemSampleTime",
    "TemplateBlock",
    "Variant",
    "VariantControl",
    "VariantControlMode"
   ],
   "values":[
    "FromPortIcon",
    "ReadWrite",
    "Stateflow.Translate.translate",
    "ExplicitOnly",
    "on",
    "on",
    "Auto",
    "",
    "off",
    "off",
    "",
    "",
    "",
    "Deduce",
    "void_void",
    "off",
    "off",
    "off",
    "",
    "0",
    "",
    "off",
    "",
    "off",
    "",
    "Auto",
    "",
    "Auto",
    "Inherit from model",
    "Inherit from model",
    "Inherit from model",
    "Inherit from model",
    "Inherit from model",
    "Sample time",
    "off",
    "-1",
    "",
    "off",
    "",
    "Expression"
   ],
   "tabs":[
    "Main",
    "Code Generation",
    "Subsystem Reference",
    "-Other"
   ],
   "tabs_idx":[
    0,
    6,
    7,
    8
   ]
  },
  "viewer":{
   "jshandler":"webview/handlers/ElementHandler"
  },
  "obj_viewer":[
  ],
  "finder":{
   "blocktype":"SubSystem",
   "masktype":""
  }
 },
 {
  "sid":"sldemo_autotrans_3:211",
  "className":"Simulink.Scope",
  "icon":"sldemo_autotrans_35",
  "name":"PlotResults1",
  "label":"PlotResults1",
  "parent":"sldemo_autotrans_3",
  "inspector":[
  ],
  "viewer":{
   "jshandler":"webview/handlers/ElementHandler"
  },
  "obj_viewer":[
  ],
  "finder":{
   "blocktype":"Scope",
   "masktype":""
  }
 },
 {
  "sid":"sldemo_autotrans_3:204",
  "className":"Sigbuilder block",
  "icon":"sldemo_autotrans_32",
  "name":"ManeuversGUI2",
  "label":"ManeuversGUI2",
  "parent":"sldemo_autotrans_3",
  "inspector":{
   "params":[
    "tuvar"
   ],
   "values":[
    "[0:10]"
   ],
   "tabs":[
   ],
   "tabs_idx":[
   ]
  },
  "viewer":{
   "jshandler":"webview/handlers/ElementHandler"
  },
  "obj_viewer":[
  ],
  "finder":{
   "blocktype":"SubSystem",
   "masktype":"Sigbuilder block"
  }
 },
 {
  "sid":"sldemo_autotrans_3:194",
  "className":"Simulink.SubSystem",
  "icon":"sldemo_autotrans_33",
  "name":"Engine1",
  "label":"Engine1",
  "parent":"sldemo_autotrans_3",
  "inspector":{
   "params":[
    "ShowPortLabels",
    "Permissions",
    "ErrorFcn",
    "PermitHierarchicalResolution",
    "TreatAsAtomicUnit",
    "TreatAsGroupedWhenPropagatingVariantConditions",
    "RTWSystemCode",
    "ReferencedSubsystem",
    "AllowZeroVariantControls",
    "AutoFrameSizeCalculation",
    "BlockChoice",
    "CompiledActiveChoiceBlock",
    "CompiledActiveChoiceControl",
    "ExecutionDomainType",
    "FunctionInterfaceSpec",
    "FunctionWithSeparateData",
    "GeneratePreprocessorConditionals",
    "IsSubsystemVirtual",
    "LabelModeActiveChoice",
    "Latency",
    "MemberBlocks",
    "MinAlgLoopOccurrences",
    "PartitionName",
    "PropagateVariantConditions",
    "RTWFcnName",
    "RTWFcnNameOpts",
    "RTWFileName",
    "RTWFileNameOpts",
    "RTWMemSecDataConstants",
    "RTWMemSecDataInternal",
    "RTWMemSecDataParameters",
    "RTWMemSecFuncExecute",
    "RTWMemSecFuncInitTerm",
    "ScheduleAs",
    "SetExecutionDomain",
    "SystemSampleTime",
    "TemplateBlock",
    "Variant",
    "VariantControl",
    "VariantControlMode"
   ],
   "values":[
    "FromPortIcon",
    "ReadWrite",
    "",
    "All",
    "off",
    "on",
    "Auto",
    "",
    "off",
    "off",
    "",
    "",
    "",
    "Deduce",
    "void_void",
    "off",
    "off",
    "on",
    "",
    "0",
    "",
    "off",
    "",
    "off",
    "",
    "Auto",
    "",
    "Auto",
    "Inherit from model",
    "Inherit from model",
    "Inherit from model",
    "Inherit from model",
    "Inherit from model",
    "Sample time",
    "off",
    "-1",
    "",
    "off",
    "",
    "Expression"
   ],
   "tabs":[
    "Main",
    "Code Generation",
    "Subsystem Reference",
    "-Other"
   ],
   "tabs_idx":[
    0,
    6,
    7,
    8
   ]
  },
  "viewer":{
   "jshandler":"webview/handlers/ElementHandler"
  },
  "obj_viewer":[
  ],
  "finder":{
   "blocktype":"SubSystem",
   "masktype":""
  }
 },
 {
  "sid":"sldemo_autotrans_3:210",
  "className":"Simulink.SubSystem",
  "icon":"sldemo_autotrans_36",
  "name":"Model-Wide Utilities1",
  "label":"Model-Wide Utilities1",
  "parent":"sldemo_autotrans_3",
  "inspector":{
   "params":[
    "ShowPortLabels",
    "BlockChoice",
    "TemplateBlock",
    "MemberBlocks",
    "Permissions",
    "ErrorFcn",
    "PermitHierarchicalResolution",
    "TreatAsAtomicUnit",
    "MinAlgLoopOccurrences",
    "ScheduleAs",
    "PartitionName",
    "SystemSampleTime",
    "SetExecutionDomain",
    "ExecutionDomainType",
    "RTWSystemCode",
    "RTWFcnNameOpts",
    "RTWFcnName",
    "RTWFileNameOpts",
    "RTWFileName",
    "FunctionInterfaceSpec",
    "FunctionWithSeparateData",
    "RTWMemSecFuncInitTerm",
    "RTWMemSecFuncExecute",
    "RTWMemSecDataConstants",
    "RTWMemSecDataInternal",
    "RTWMemSecDataParameters",
    "IsSubsystemVirtual",
    "Variant",
    "VariantControlMode",
    "VariantControl",
    "LabelModeActiveChoice",
    "GeneratePreprocessorConditionals",
    "AllowZeroVariantControls",
    "PropagateVariantConditions",
    "CompiledActiveChoiceControl",
    "CompiledActiveChoiceBlock",
    "TreatAsGroupedWhenPropagatingVariantConditions",
    "ReferencedSubsystem",
    "Latency",
    "AutoFrameSizeCalculation"
   ],
   "values":[
    "FromPortIcon",
    "",
    "",
    "",
    "ReadWrite",
    "",
    "All",
    "off",
    "off",
    "Sample time",
    "",
    "-1",
    "off",
    "Deduce",
    "Auto",
    "Auto",
    "",
    "Auto",
    "",
    "void_void",
    "off",
    "Inherit from model",
    "Inherit from model",
    "Inherit from model",
    "Inherit from model",
    "Inherit from model",
    "on",
    "off",
    "Expression",
    "",
    "",
    "off",
    "off",
    "off",
    "",
    "",
    "on",
    "",
    "0",
    "off"
   ],
   "tabs":[
   ],
   "tabs_idx":[
   ]
  },
  "viewer":{
   "jshandler":"webview/handlers/ElementHandler"
  },
  "obj_viewer":[
  ],
  "finder":{
   "blocktype":"SubSystem",
   "masktype":""
  }
 },
 {
  "sid":"sldemo_autotrans_3:203",
  "className":"Simulink.SFunction",
  "icon":"sldemo_autotrans_35",
  "name":"Joystick Input1",
  "label":"Joystick Input1",
  "parent":"sldemo_autotrans_3",
  "inspector":{
   "params":[
    "joyid",
    "adjustports",
    "forcefeed"
   ],
   "values":[
    "1",
    "on",
    "off"
   ],
   "tabs":[
   ],
   "tabs_idx":[
   ]
  },
  "viewer":{
   "jshandler":"webview/handlers/ElementHandler"
  },
  "obj_viewer":[
  ],
  "finder":{
   "blocktype":"S-Function",
   "masktype":"Joystick Input"
  }
 },
 {
  "sid":"sldemo_autotrans_3:262",
  "className":"vehicle model",
  "icon":"sldemo_autotrans_32",
  "name":"Vehicle5",
  "label":"Vehicle5",
  "parent":"sldemo_autotrans_3",
  "inspector":{
   "params":[
    "Rfd",
    "rload0",
    "rload2",
    "Rw",
    "Iv",
    "N20"
   ],
   "values":[
    "VEHICLE_DATA(1)",
    "VEHICLE_DATA(2)",
    "VEHICLE_DATA(3)",
    "VEHICLE_DATA(4)",
    "VEHICLE_DATA(5)",
    "VEHICLE_DATA(6)/VEHICLE_DATA(4)*VEHICLE_DATA(1)"
   ],
   "tabs":[
   ],
   "tabs_idx":[
   ]
  },
  "viewer":{
   "jshandler":"webview/handlers/ElementHandler"
  },
  "obj_viewer":[
  ],
  "finder":{
   "blocktype":"SubSystem",
   "masktype":"vehicle model"
  }
 },
 {
  "sid":"sldemo_autotrans_3:25#out:1",
  "className":"Simulink.Line",
  "icon":"sldemo_autotrans_38",
  "name":"ImpellerTorque",
  "label":"ImpellerTorque",
  "parent":"sldemo_autotrans_3",
  "inspector":{
   "params":[
    "SignalNameFromLabel",
    "MustResolveToSignal",
    "ShowPropagatedSignal",
    "DataLogging",
    "TestPoint",
    "SignalObjectPackage",
    "StorageClass",
    "Description",
    "documentLink"
   ],
   "values":[
    "ImpellerTorque",
    "off",
    "off",
    "on",
    "on",
    "Simulink",
    "Auto",
    "",
    ""
   ],
   "tabs":[
    "Parameter Attributes",
    "Logging and Accessibility",
    "Code Generation",
    "Documentation"
   ],
   "tabs_idx":[
    0,
    3,
    5,
    7
   ]
  },
  "viewer":{
   "jshandler":"webview/handlers/ElementHandler"
  },
  "obj_viewer":[
  ],
  "finder":[
  ]
 },
 {
  "sid":"sldemo_autotrans_3:1#out:1",
  "className":"Simulink.Line",
  "icon":"sldemo_autotrans_38",
  "name":"EngineRPM",
  "label":"EngineRPM",
  "parent":"sldemo_autotrans_3",
  "inspector":{
   "params":[
    "SignalNameFromLabel",
    "MustResolveToSignal",
    "ShowPropagatedSignal",
    "DataLogging",
    "TestPoint",
    "SignalObjectPackage",
    "StorageClass",
    "Description",
    "documentLink"
   ],
   "values":[
    "EngineRPM",
    "off",
    "off",
    "on",
    "on",
    "Simulink",
    "Auto",
    "",
    ""
   ],
   "tabs":[
    "Parameter Attributes",
    "Logging and Accessibility",
    "Code Generation",
    "Documentation"
   ],
   "tabs_idx":[
    0,
    3,
    5,
    7
   ]
  },
  "viewer":{
   "jshandler":"webview/handlers/ElementHandler"
  },
  "obj_viewer":[
  ],
  "finder":[
  ]
 },
 {
  "sid":"sldemo_autotrans_3:25#out:2",
  "className":"Simulink.Line",
  "icon":"sldemo_autotrans_38",
  "name":"OutputTorque",
  "label":"OutputTorque",
  "parent":"sldemo_autotrans_3",
  "inspector":{
   "params":[
    "SignalNameFromLabel",
    "MustResolveToSignal",
    "ShowPropagatedSignal",
    "DataLogging",
    "TestPoint",
    "SignalObjectPackage",
    "StorageClass",
    "Description",
    "documentLink"
   ],
   "values":[
    "OutputTorque",
    "off",
    "off",
    "on",
    "on",
    "Simulink",
    "Auto",
    "",
    ""
   ],
   "tabs":[
    "Parameter Attributes",
    "Logging and Accessibility",
    "Code Generation",
    "Documentation"
   ],
   "tabs_idx":[
    0,
    3,
    5,
    7
   ]
  },
  "viewer":{
   "jshandler":"webview/handlers/ElementHandler"
  },
  "obj_viewer":[
  ],
  "finder":[
  ]
 },
 {
  "sid":"sldemo_autotrans_3:51#out:2",
  "className":"Simulink.Line",
  "icon":"sldemo_autotrans_38",
  "name":"TransmissionRPM",
  "label":"TransmissionRPM",
  "parent":"sldemo_autotrans_3",
  "inspector":{
   "params":[
    "SignalNameFromLabel",
    "MustResolveToSignal",
    "ShowPropagatedSignal",
    "DataLogging",
    "TestPoint",
    "SignalObjectPackage",
    "StorageClass",
    "Description",
    "documentLink"
   ],
   "values":[
    "TransmissionRPM",
    "off",
    "off",
    "on",
    "on",
    "Simulink",
    "Auto",
    "",
    ""
   ],
   "tabs":[
    "Parameter Attributes",
    "Logging and Accessibility",
    "Code Generation",
    "Documentation"
   ],
   "tabs_idx":[
    0,
    3,
    5,
    7
   ]
  },
  "viewer":{
   "jshandler":"webview/handlers/ElementHandler"
  },
  "obj_viewer":[
  ],
  "finder":[
  ]
 },
 {
  "sid":"sldemo_autotrans_3:16#out:1",
  "className":"Simulink.Line",
  "icon":"sldemo_autotrans_38",
  "name":"",
  "label":"",
  "parent":"sldemo_autotrans_3",
  "inspector":{
   "params":[
    "SignalNameFromLabel",
    "MustResolveToSignal",
    "ShowPropagatedSignal",
    "DataLogging",
    "TestPoint",
    "SignalObjectPackage",
    "StorageClass",
    "Description",
    "documentLink"
   ],
   "values":[
    "",
    "off",
    "off",
    "on",
    "on",
    "Simulink",
    "Auto",
    "",
    ""
   ],
   "tabs":[
    "Parameter Attributes",
    "Logging and Accessibility",
    "Code Generation",
    "Documentation"
   ],
   "tabs_idx":[
    0,
    3,
    5,
    7
   ]
  },
  "viewer":{
   "jshandler":"webview/handlers/ElementHandler"
  },
  "obj_viewer":[
  ],
  "finder":[
  ]
 },
 {
  "sid":"sldemo_autotrans_3:51#out:1",
  "className":"Simulink.Line",
  "icon":"sldemo_autotrans_38",
  "name":"VehicleSpeed",
  "label":"VehicleSpeed",
  "parent":"sldemo_autotrans_3",
  "inspector":{
   "params":[
    "SignalNameFromLabel",
    "MustResolveToSignal",
    "ShowPropagatedSignal",
    "DataLogging",
    "TestPoint",
    "SignalObjectPackage",
    "StorageClass",
    "Description",
    "documentLink"
   ],
   "values":[
    "VehicleSpeed",
    "off",
    "off",
    "on",
    "on",
    "Simulink",
    "Auto",
    "",
    ""
   ],
   "tabs":[
    "Parameter Attributes",
    "Logging and Accessibility",
    "Code Generation",
    "Documentation"
   ],
   "tabs_idx":[
    0,
    3,
    5,
    7
   ]
  },
  "viewer":{
   "jshandler":"webview/handlers/ElementHandler"
  },
  "obj_viewer":[
  ],
  "finder":[
  ]
 },
 {
  "sid":"sldemo_autotrans_3:9#out:1",
  "className":"Simulink.Line",
  "icon":"sldemo_autotrans_38",
  "name":"Throttle",
  "label":"Throttle",
  "parent":"sldemo_autotrans_3",
  "inspector":{
   "params":[
    "SignalNameFromLabel",
    "MustResolveToSignal",
    "ShowPropagatedSignal",
    "DataLogging",
    "TestPoint",
    "SignalObjectPackage",
    "StorageClass",
    "Description",
    "documentLink"
   ],
   "values":[
    "Throttle",
    "off",
    "off",
    "on",
    "on",
    "Simulink",
    "Auto",
    "",
    ""
   ],
   "tabs":[
    "Parameter Attributes",
    "Logging and Accessibility",
    "Code Generation",
    "Documentation"
   ],
   "tabs_idx":[
    0,
    3,
    5,
    7
   ]
  },
  "viewer":{
   "jshandler":"webview/handlers/ElementHandler"
  },
  "obj_viewer":[
  ],
  "finder":[
  ]
 },
 {
  "sid":"sldemo_autotrans_3:9#out:2",
  "className":"Simulink.Line",
  "icon":"sldemo_autotrans_38",
  "name":"BrakeTorque",
  "label":"BrakeTorque",
  "parent":"sldemo_autotrans_3",
  "inspector":{
   "params":[
    "SignalNameFromLabel",
    "MustResolveToSignal",
    "ShowPropagatedSignal",
    "DataLogging",
    "TestPoint",
    "SignalObjectPackage",
    "StorageClass",
    "Description",
    "documentLink"
   ],
   "values":[
    "BrakeTorque",
    "off",
    "off",
    "on",
    "on",
    "Simulink",
    "Auto",
    "",
    ""
   ],
   "tabs":[
    "Parameter Attributes",
    "Logging and Accessibility",
    "Code Generation",
    "Documentation"
   ],
   "tabs_idx":[
    0,
    3,
    5,
    7
   ]
  },
  "viewer":{
   "jshandler":"webview/handlers/ElementHandler"
  },
  "obj_viewer":[
  ],
  "finder":[
  ]
 },
 {
  "sid":"sldemo_autotrans_3:242#out:2",
  "className":"Simulink.Line",
  "icon":"sldemo_autotrans_38",
  "name":"TransmissionRPM",
  "label":"TransmissionRPM",
  "parent":"sldemo_autotrans_3",
  "inspector":{
   "params":[
    "SignalNameFromLabel",
    "MustResolveToSignal",
    "ShowPropagatedSignal",
    "DataLogging",
    "TestPoint",
    "SignalObjectPackage",
    "StorageClass",
    "Description",
    "documentLink"
   ],
   "values":[
    "TransmissionRPM",
    "off",
    "off",
    "on",
    "on",
    "Simulink",
    "Auto",
    "",
    ""
   ],
   "tabs":[
    "Parameter Attributes",
    "Logging and Accessibility",
    "Code Generation",
    "Documentation"
   ],
   "tabs_idx":[
    0,
    3,
    5,
    7
   ]
  },
  "viewer":{
   "jshandler":"webview/handlers/ElementHandler"
  },
  "obj_viewer":[
  ],
  "finder":[
  ]
 },
 {
  "sid":"sldemo_autotrans_3:204#out:2",
  "className":"Simulink.Line",
  "icon":"sldemo_autotrans_38",
  "name":"BrakeTorque",
  "label":"BrakeTorque",
  "parent":"sldemo_autotrans_3",
  "inspector":{
   "params":[
    "SignalNameFromLabel",
    "MustResolveToSignal",
    "ShowPropagatedSignal",
    "DataLogging",
    "TestPoint",
    "SignalObjectPackage",
    "StorageClass",
    "Description",
    "documentLink"
   ],
   "values":[
    "BrakeTorque",
    "off",
    "off",
    "on",
    "on",
    "Simulink",
    "Auto",
    "",
    ""
   ],
   "tabs":[
    "Parameter Attributes",
    "Logging and Accessibility",
    "Code Generation",
    "Documentation"
   ],
   "tabs_idx":[
    0,
    3,
    5,
    7
   ]
  },
  "viewer":{
   "jshandler":"webview/handlers/ElementHandler"
  },
  "obj_viewer":[
  ],
  "finder":[
  ]
 },
 {
  "sid":"sldemo_autotrans_3:213#out:1",
  "className":"Simulink.Line",
  "icon":"sldemo_autotrans_38",
  "name":"ImpellerTorque",
  "label":"ImpellerTorque",
  "parent":"sldemo_autotrans_3",
  "inspector":{
   "params":[
    "SignalNameFromLabel",
    "MustResolveToSignal",
    "ShowPropagatedSignal",
    "DataLogging",
    "TestPoint",
    "SignalObjectPackage",
    "StorageClass",
    "Description",
    "documentLink"
   ],
   "values":[
    "ImpellerTorque",
    "off",
    "off",
    "on",
    "on",
    "Simulink",
    "Auto",
    "",
    ""
   ],
   "tabs":[
    "Parameter Attributes",
    "Logging and Accessibility",
    "Code Generation",
    "Documentation"
   ],
   "tabs_idx":[
    0,
    3,
    5,
    7
   ]
  },
  "viewer":{
   "jshandler":"webview/handlers/ElementHandler"
  },
  "obj_viewer":[
  ],
  "finder":[
  ]
 },
 {
  "sid":"sldemo_autotrans_3:242#out:1",
  "className":"Simulink.Line",
  "icon":"sldemo_autotrans_38",
  "name":"VehicleSpeed",
  "label":"VehicleSpeed",
  "parent":"sldemo_autotrans_3",
  "inspector":{
   "params":[
    "SignalNameFromLabel",
    "MustResolveToSignal",
    "ShowPropagatedSignal",
    "DataLogging",
    "TestPoint",
    "SignalObjectPackage",
    "StorageClass",
    "Description",
    "documentLink"
   ],
   "values":[
    "VehicleSpeed",
    "off",
    "off",
    "on",
    "on",
    "Simulink",
    "Auto",
    "",
    ""
   ],
   "tabs":[
    "Parameter Attributes",
    "Logging and Accessibility",
    "Code Generation",
    "Documentation"
   ],
   "tabs_idx":[
    0,
    3,
    5,
    7
   ]
  },
  "viewer":{
   "jshandler":"webview/handlers/ElementHandler"
  },
  "obj_viewer":[
  ],
  "finder":[
  ]
 },
 {
  "sid":"sldemo_autotrans_3:204#out:1",
  "className":"Simulink.Line",
  "icon":"sldemo_autotrans_38",
  "name":"Throttle",
  "label":"Throttle",
  "parent":"sldemo_autotrans_3",
  "inspector":{
   "params":[
    "SignalNameFromLabel",
    "MustResolveToSignal",
    "ShowPropagatedSignal",
    "DataLogging",
    "TestPoint",
    "SignalObjectPackage",
    "StorageClass",
    "Description",
    "documentLink"
   ],
   "values":[
    "Throttle",
    "off",
    "off",
    "on",
    "on",
    "Simulink",
    "Auto",
    "",
    ""
   ],
   "tabs":[
    "Parameter Attributes",
    "Logging and Accessibility",
    "Code Generation",
    "Documentation"
   ],
   "tabs_idx":[
    0,
    3,
    5,
    7
   ]
  },
  "viewer":{
   "jshandler":"webview/handlers/ElementHandler"
  },
  "obj_viewer":[
  ],
  "finder":[
  ]
 },
 {
  "sid":"sldemo_autotrans_3:212#out:1",
  "className":"Simulink.Line",
  "icon":"sldemo_autotrans_38",
  "name":"",
  "label":"",
  "parent":"sldemo_autotrans_3",
  "inspector":{
   "params":[
    "SignalNameFromLabel",
    "MustResolveToSignal",
    "ShowPropagatedSignal",
    "DataLogging",
    "TestPoint",
    "SignalObjectPackage",
    "StorageClass",
    "Description",
    "documentLink"
   ],
   "values":[
    "",
    "off",
    "off",
    "on",
    "on",
    "Simulink",
    "Auto",
    "",
    ""
   ],
   "tabs":[
    "Parameter Attributes",
    "Logging and Accessibility",
    "Code Generation",
    "Documentation"
   ],
   "tabs_idx":[
    0,
    3,
    5,
    7
   ]
  },
  "viewer":{
   "jshandler":"webview/handlers/ElementHandler"
  },
  "obj_viewer":[
  ],
  "finder":[
  ]
 },
 {
  "sid":"sldemo_autotrans_3:213#out:2",
  "className":"Simulink.Line",
  "icon":"sldemo_autotrans_38",
  "name":"OutputTorque",
  "label":"OutputTorque",
  "parent":"sldemo_autotrans_3",
  "inspector":{
   "params":[
    "SignalNameFromLabel",
    "MustResolveToSignal",
    "ShowPropagatedSignal",
    "DataLogging",
    "TestPoint",
    "SignalObjectPackage",
    "StorageClass",
    "Description",
    "documentLink"
   ],
   "values":[
    "OutputTorque",
    "off",
    "off",
    "on",
    "on",
    "Simulink",
    "Auto",
    "",
    ""
   ],
   "tabs":[
    "Parameter Attributes",
    "Logging and Accessibility",
    "Code Generation",
    "Documentation"
   ],
   "tabs_idx":[
    0,
    3,
    5,
    7
   ]
  },
  "viewer":{
   "jshandler":"webview/handlers/ElementHandler"
  },
  "obj_viewer":[
  ],
  "finder":[
  ]
 },
 {
  "sid":"sldemo_autotrans_3:194#out:1",
  "className":"Simulink.Line",
  "icon":"sldemo_autotrans_38",
  "name":"EngineRPM",
  "label":"EngineRPM",
  "parent":"sldemo_autotrans_3",
  "inspector":{
   "params":[
    "SignalNameFromLabel",
    "MustResolveToSignal",
    "ShowPropagatedSignal",
    "DataLogging",
    "TestPoint",
    "SignalObjectPackage",
    "StorageClass",
    "Description",
    "documentLink"
   ],
   "values":[
    "EngineRPM",
    "off",
    "off",
    "on",
    "on",
    "Simulink",
    "Auto",
    "",
    ""
   ],
   "tabs":[
    "Parameter Attributes",
    "Logging and Accessibility",
    "Code Generation",
    "Documentation"
   ],
   "tabs_idx":[
    0,
    3,
    5,
    7
   ]
  },
  "viewer":{
   "jshandler":"webview/handlers/ElementHandler"
  },
  "obj_viewer":[
  ],
  "finder":[
  ]
 }
]