[
 {
  "sid":"sldemo_autotrans_3:238",
  "className":"Simulink.Annotation",
  "icon":"sldemo_autotrans_31",
  "name":"Transmission Gear Ratio",
  "label":"Transmission Gear Ratio",
  "parent":"sldemo_autotrans_3:229",
  "inspector":{
   "params":[
    "Text",
    "DropShadow",
    "Interpreter",
    "FontName",
    "FontWeight",
    "FontSize",
    "FontAngle",
    "ForegroundColor",
    "BackgroundColor",
    "HorizontalAlignment",
    "UseDisplayTextAsClickCallback",
    "ClickFcn"
   ],
   "values":[
    "Transmission Gear Ratio",
    "off",
    "off",
    "Arial",
    "bold",
    14,
    "auto",
    "black",
    "white",
    "center",
    "off",
    ""
   ],
   "tabs":[
   ],
   "tabs_idx":[
   ]
  },
  "viewer":{
   "jshandler":"webview/handlers/ElementHandler"
  },
  "obj_viewer":[
  ],
  "finder":[
  ]
 },
 {
  "sid":"sldemo_autotrans_3:237",
  "className":"Simulink.Outport",
  "icon":"sldemo_autotrans_35",
  "name":"Nin",
  "label":"Nin",
  "parent":"sldemo_autotrans_3:229",
  "inspector":{
   "params":[
    "Port",
    "IconDisplay",
    "OutMin",
    "OutMax",
    "OutDataTypeStr",
    "LockScale",
    "Unit",
    "PortDimensions",
    "VarSizeSig",
    "SampleTime",
    "SignalType",
    "BusOutputAsStruct",
    "EnsureOutportIsVirtual",
    "InitialOutput",
    "MustResolveToSignalObject",
    "OutputWhenDisabled",
    "OutputWhenUnConnected",
    "OutputWhenUnconnectedValue",
    "SignalName",
    "SignalObject",
    "SourceOfInitialOutputValue",
    "StorageClass",
    "VectorParamsAs1DForOutWhenUnconnected"
   ],
   "values":[
    "2",
    "Port number",
    "[]",
    "[]",
    "Inherit: auto",
    "off",
    "rpm",
    "-1",
    "Inherit",
    "-1",
    "auto",
    "off",
    "off",
    "[]",
    "off",
    "held",
    "off",
    "0",
    "",
    [
    ],
    "Dialog",
    "Auto",
    "off"
   ],
   "tabs":[
    "Main",
    "Signal Attributes",
    "-Other"
   ],
   "tabs_idx":[
    0,
    2,
    11
   ]
  },
  "viewer":{
   "jshandler":"webview/handlers/ElementHandler"
  },
  "obj_viewer":[
  ],
  "finder":{
   "blocktype":"Outport",
   "masktype":""
  }
 },
 {
  "sid":"sldemo_autotrans_3:236",
  "className":"Simulink.Outport",
  "icon":"sldemo_autotrans_35",
  "name":"Tout",
  "label":"Tout",
  "parent":"sldemo_autotrans_3:229",
  "inspector":{
   "params":[
    "Port",
    "IconDisplay",
    "OutMin",
    "OutMax",
    "OutDataTypeStr",
    "LockScale",
    "Unit",
    "PortDimensions",
    "VarSizeSig",
    "SampleTime",
    "SignalType",
    "BusOutputAsStruct",
    "EnsureOutportIsVirtual",
    "InitialOutput",
    "MustResolveToSignalObject",
    "OutputWhenDisabled",
    "OutputWhenUnConnected",
    "OutputWhenUnconnectedValue",
    "SignalName",
    "SignalObject",
    "SourceOfInitialOutputValue",
    "StorageClass",
    "VectorParamsAs1DForOutWhenUnconnected"
   ],
   "values":[
    "1",
    "Port number",
    "[]",
    "[]",
    "Inherit: auto",
    "off",
    "ft*lbf@torque",
    "-1",
    "Inherit",
    "-1",
    "auto",
    "off",
    "off",
    "[]",
    "off",
    "held",
    "off",
    "0",
    "",
    [
    ],
    "Dialog",
    "Auto",
    "off"
   ],
   "tabs":[
    "Main",
    "Signal Attributes",
    "-Other"
   ],
   "tabs_idx":[
    0,
    2,
    11
   ]
  },
  "viewer":{
   "jshandler":"webview/handlers/ElementHandler"
  },
  "obj_viewer":[
  ],
  "finder":{
   "blocktype":"Outport",
   "masktype":""
  }
 },
 {
  "sid":"sldemo_autotrans_3:235",
  "className":"Simulink.Lookup_nD",
  "icon":"sldemo_autotrans_35",
  "name":"Table",
  "label":"Table",
  "parent":"sldemo_autotrans_3:229",
  "inspector":{
   "params":[
    "NumberOfTableDimensions",
    "DataSpecification",
    "Table",
    "BreakpointsSpecification",
    "BreakpointsForDimension1",
    "BreakpointsForDimension2",
    "InterpMethod",
    "ExtrapMethod",
    "IndexSearchMethod",
    "BeginIndexSearchUsingPreviousIndexResult",
    "DiagnosticForOutOfRangeInput",
    "UseOneInputPortForAllInputData",
    "RemoveProtectionInput",
    "SupportTunableTableSize",
    "TableDataTypeStr",
    "TableMin",
    "TableMax",
    "BreakpointsForDimension1DataTypeStr",
    "BreakpointsForDimension1Min",
    "BreakpointsForDimension1Max",
    "BreakpointsForDimension2DataTypeStr",
    "BreakpointsForDimension2Min",
    "BreakpointsForDimension2Max",
    "FractionDataTypeStr",
    "IntermediateResultsDataTypeStr",
    "OutDataTypeStr",
    "OutMin",
    "OutMax",
    "InternalRulePriority",
    "InputSameDT",
    "LockScale",
    "RndMeth",
    "SaturateOnIntegerOverflow",
    "BreakpointsForDimension10",
    "BreakpointsForDimension10DataTypeStr",
    "BreakpointsForDimension10FirstPoint",
    "BreakpointsForDimension10Max",
    "BreakpointsForDimension10Min",
    "BreakpointsForDimension10Spacing",
    "BreakpointsForDimension11",
    "BreakpointsForDimension11DataTypeStr",
    "BreakpointsForDimension11FirstPoint",
    "BreakpointsForDimension11Max",
    "BreakpointsForDimension11Min",
    "BreakpointsForDimension11Spacing",
    "BreakpointsForDimension12",
    "BreakpointsForDimension12DataTypeStr",
    "BreakpointsForDimension12FirstPoint",
    "BreakpointsForDimension12Max",
    "BreakpointsForDimension12Min",
    "BreakpointsForDimension12Spacing",
    "BreakpointsForDimension13",
    "BreakpointsForDimension13DataTypeStr",
    "BreakpointsForDimension13FirstPoint",
    "BreakpointsForDimension13Max",
    "BreakpointsForDimension13Min",
    "BreakpointsForDimension13Spacing",
    "BreakpointsForDimension14",
    "BreakpointsForDimension14DataTypeStr",
    "BreakpointsForDimension14FirstPoint",
    "BreakpointsForDimension14Max",
    "BreakpointsForDimension14Min",
    "BreakpointsForDimension14Spacing",
    "BreakpointsForDimension15",
    "BreakpointsForDimension15DataTypeStr",
    "BreakpointsForDimension15FirstPoint",
    "BreakpointsForDimension15Max",
    "BreakpointsForDimension15Min",
    "BreakpointsForDimension15Spacing",
    "BreakpointsForDimension16",
    "BreakpointsForDimension16DataTypeStr",
    "BreakpointsForDimension16FirstPoint",
    "BreakpointsForDimension16Max",
    "BreakpointsForDimension16Min",
    "BreakpointsForDimension16Spacing",
    "BreakpointsForDimension17",
    "BreakpointsForDimension17DataTypeStr",
    "BreakpointsForDimension17FirstPoint",
    "BreakpointsForDimension17Max",
    "BreakpointsForDimension17Min",
    "BreakpointsForDimension17Spacing",
    "BreakpointsForDimension18",
    "BreakpointsForDimension18DataTypeStr",
    "BreakpointsForDimension18FirstPoint",
    "BreakpointsForDimension18Max",
    "BreakpointsForDimension18Min",
    "BreakpointsForDimension18Spacing",
    "BreakpointsForDimension19",
    "BreakpointsForDimension19DataTypeStr",
    "BreakpointsForDimension19FirstPoint",
    "BreakpointsForDimension19Max",
    "BreakpointsForDimension19Min",
    "BreakpointsForDimension19Spacing",
    "BreakpointsForDimension1FirstPoint",
    "BreakpointsForDimension1Spacing",
    "BreakpointsForDimension20",
    "BreakpointsForDimension20DataTypeStr",
    "BreakpointsForDimension20FirstPoint",
    "BreakpointsForDimension20Max",
    "BreakpointsForDimension20Min",
    "BreakpointsForDimension20Spacing",
    "BreakpointsForDimension21",
    "BreakpointsForDimension21DataTypeStr",
    "BreakpointsForDimension21FirstPoint",
    "BreakpointsForDimension21Max",
    "BreakpointsForDimension21Min",
    "BreakpointsForDimension21Spacing",
    "BreakpointsForDimension22",
    "BreakpointsForDimension22DataTypeStr",
    "BreakpointsForDimension22FirstPoint",
    "BreakpointsForDimension22Max",
    "BreakpointsForDimension22Min",
    "BreakpointsForDimension22Spacing",
    "BreakpointsForDimension23",
    "BreakpointsForDimension23DataTypeStr",
    "BreakpointsForDimension23FirstPoint",
    "BreakpointsForDimension23Max",
    "BreakpointsForDimension23Min",
    "BreakpointsForDimension23Spacing",
    "BreakpointsForDimension24",
    "BreakpointsForDimension24DataTypeStr",
    "BreakpointsForDimension24FirstPoint",
    "BreakpointsForDimension24Max",
    "BreakpointsForDimension24Min",
    "BreakpointsForDimension24Spacing",
    "BreakpointsForDimension25",
    "BreakpointsForDimension25DataTypeStr",
    "BreakpointsForDimension25FirstPoint",
    "BreakpointsForDimension25Max",
    "BreakpointsForDimension25Min",
    "BreakpointsForDimension25Spacing",
    "BreakpointsForDimension26",
    "BreakpointsForDimension26DataTypeStr",
    "BreakpointsForDimension26FirstPoint",
    "BreakpointsForDimension26Max",
    "BreakpointsForDimension26Min",
    "BreakpointsForDimension26Spacing",
    "BreakpointsForDimension27",
    "BreakpointsForDimension27DataTypeStr",
    "BreakpointsForDimension27FirstPoint",
    "BreakpointsForDimension27Max",
    "BreakpointsForDimension27Min",
    "BreakpointsForDimension27Spacing",
    "BreakpointsForDimension28",
    "BreakpointsForDimension28DataTypeStr",
    "BreakpointsForDimension28FirstPoint",
    "BreakpointsForDimension28Max",
    "BreakpointsForDimension28Min",
    "BreakpointsForDimension28Spacing",
    "BreakpointsForDimension29",
    "BreakpointsForDimension29DataTypeStr",
    "BreakpointsForDimension29FirstPoint",
    "BreakpointsForDimension29Max",
    "BreakpointsForDimension29Min",
    "BreakpointsForDimension29Spacing",
    "BreakpointsForDimension2FirstPoint",
    "BreakpointsForDimension2Spacing",
    "BreakpointsForDimension3",
    "BreakpointsForDimension30",
    "BreakpointsForDimension30DataTypeStr",
    "BreakpointsForDimension30FirstPoint",
    "BreakpointsForDimension30Max",
    "BreakpointsForDimension30Min",
    "BreakpointsForDimension30Spacing",
    "BreakpointsForDimension3DataTypeStr",
    "BreakpointsForDimension3FirstPoint",
    "BreakpointsForDimension3Max",
    "BreakpointsForDimension3Min",
    "BreakpointsForDimension3Spacing",
    "BreakpointsForDimension4",
    "BreakpointsForDimension4DataTypeStr",
    "BreakpointsForDimension4FirstPoint",
    "BreakpointsForDimension4Max",
    "BreakpointsForDimension4Min",
    "BreakpointsForDimension4Spacing",
    "BreakpointsForDimension5",
    "BreakpointsForDimension5DataTypeStr",
    "BreakpointsForDimension5FirstPoint",
    "BreakpointsForDimension5Max",
    "BreakpointsForDimension5Min",
    "BreakpointsForDimension5Spacing",
    "BreakpointsForDimension6",
    "BreakpointsForDimension6DataTypeStr",
    "BreakpointsForDimension6FirstPoint",
    "BreakpointsForDimension6Max",
    "BreakpointsForDimension6Min",
    "BreakpointsForDimension6Spacing",
    "BreakpointsForDimension7",
    "BreakpointsForDimension7DataTypeStr",
    "BreakpointsForDimension7FirstPoint",
    "BreakpointsForDimension7Max",
    "BreakpointsForDimension7Min",
    "BreakpointsForDimension7Spacing",
    "BreakpointsForDimension8",
    "BreakpointsForDimension8DataTypeStr",
    "BreakpointsForDimension8FirstPoint",
    "BreakpointsForDimension8Max",
    "BreakpointsForDimension8Min",
    "BreakpointsForDimension8Spacing",
    "BreakpointsForDimension9",
    "BreakpointsForDimension9DataTypeStr",
    "BreakpointsForDimension9FirstPoint",
    "BreakpointsForDimension9Max",
    "BreakpointsForDimension9Min",
    "BreakpointsForDimension9Spacing",
    "LookupTableObject",
    "MaximumIndicesForEachDimension",
    "SampleTime",
    "UseLastTableValue"
   ],
   "values":[
    "1",
    "Table and breakpoints",
    "[2.393 1.450 1.000 0.677]",
    "Explicit values",
    "[1 2 3 4]",
    "[10,22,31]",
    "Linear point-slope",
    "Linear",
    "Binary search",
    "off",
    "None",
    "off",
    "off",
    "off",
    "Inherit: Same as output",
    "[]",
    "[]",
    "Inherit: Same as corresponding input",
    "[]",
    "[]",
    "Inherit: Same as corresponding input",
    "[]",
    "[]",
    "Inherit: Inherit via internal rule",
    "Inherit: Same as output",
    "double",
    "[]",
    "[]",
    "Precision",
    "on",
    "on",
    "Floor",
    "on",
    "[1:3]",
    "Inherit: Same as corresponding input",
    "1",
    "[]",
    "[]",
    "1",
    "[1:3]",
    "Inherit: Same as corresponding input",
    "1",
    "[]",
    "[]",
    "1",
    "[1:3]",
    "Inherit: Same as corresponding input",
    "1",
    "[]",
    "[]",
    "1",
    "[1:3]",
    "Inherit: Same as corresponding input",
    "1",
    "[]",
    "[]",
    "1",
    "[1:3]",
    "Inherit: Same as corresponding input",
    "1",
    "[]",
    "[]",
    "1",
    "[1:3]",
    "Inherit: Same as corresponding input",
    "1",
    "[]",
    "[]",
    "1",
    "[1:3]",
    "Inherit: Same as corresponding input",
    "1",
    "[]",
    "[]",
    "1",
    "[1:3]",
    "Inherit: Same as corresponding input",
    "1",
    "[]",
    "[]",
    "1",
    "[1:3]",
    "Inherit: Same as corresponding input",
    "1",
    "[]",
    "[]",
    "1",
    "[1:3]",
    "Inherit: Same as corresponding input",
    "1",
    "[]",
    "[]",
    "1",
    "1",
    "1",
    "[1:3]",
    "Inherit: Same as corresponding input",
    "1",
    "[]",
    "[]",
    "1",
    "[1:3]",
    "Inherit: Same as corresponding input",
    "1",
    "[]",
    "[]",
    "1",
    "[1:3]",
    "Inherit: Same as corresponding input",
    "1",
    "[]",
    "[]",
    "1",
    "[1:3]",
    "Inherit: Same as corresponding input",
    "1",
    "[]",
    "[]",
    "1",
    "[1:3]",
    "Inherit: Same as corresponding input",
    "1",
    "[]",
    "[]",
    "1",
    "[1:3]",
    "Inherit: Same as corresponding input",
    "1",
    "[]",
    "[]",
    "1",
    "[1:3]",
    "Inherit: Same as corresponding input",
    "1",
    "[]",
    "[]",
    "1",
    "[1:3]",
    "Inherit: Same as corresponding input",
    "1",
    "[]",
    "[]",
    "1",
    "[1:3]",
    "Inherit: Same as corresponding input",
    "1",
    "[]",
    "[]",
    "1",
    "[1:3]",
    "Inherit: Same as corresponding input",
    "1",
    "[]",
    "[]",
    "1",
    "1",
    "1",
    "[1:3]",
    "[1:3]",
    "Inherit: Same as corresponding input",
    "1",
    "[]",
    "[]",
    "1",
    "Inherit: Same as corresponding input",
    "1",
    "[]",
    "[]",
    "1",
    "[1:3]",
    "Inherit: Same as corresponding input",
    "1",
    "[]",
    "[]",
    "1",
    "[1:3]",
    "Inherit: Same as corresponding input",
    "1",
    "[]",
    "[]",
    "1",
    "[1:3]",
    "Inherit: Same as corresponding input",
    "1",
    "[]",
    "[]",
    "1",
    "[1:3]",
    "Inherit: Same as corresponding input",
    "1",
    "[]",
    "[]",
    "1",
    "[1:3]",
    "Inherit: Same as corresponding input",
    "1",
    "[]",
    "[]",
    "1",
    "[1:3]",
    "Inherit: Same as corresponding input",
    "1",
    "[]",
    "[]",
    "1",
    "",
    "[]",
    "-1",
    "off"
   ],
   "tabs":[
    "Table and Breakpoints",
    "Algorithm",
    "Data Types",
    "-Other"
   ],
   "tabs_idx":[
    0,
    6,
    14,
    33
   ]
  },
  "viewer":{
   "jshandler":"webview/handlers/ElementHandler"
  },
  "obj_viewer":[
  ],
  "finder":{
   "blocktype":"Lookup_n-D",
   "masktype":""
  }
 },
 {
  "sid":"sldemo_autotrans_3:234",
  "className":"Simulink.Product",
  "icon":"sldemo_autotrans_35",
  "name":"Product1",
  "label":"Product1",
  "parent":"sldemo_autotrans_3:229",
  "inspector":{
   "params":[
    "Inputs",
    "Multiplication",
    "InputSameDT",
    "OutMin",
    "OutMax",
    "OutDataTypeStr",
    "LockScale",
    "RndMeth",
    "SaturateOnIntegerOverflow",
    "CollapseDim",
    "CollapseMode",
    "SampleTime"
   ],
   "values":[
    "2",
    "Element-wise(.*)",
    "on",
    "[]",
    "[]",
    "Inherit: Same as first input",
    "off",
    "Floor",
    "on",
    "1",
    "All dimensions",
    "-1"
   ],
   "tabs":[
    "Main",
    "Signal Attributes",
    "-Other"
   ],
   "tabs_idx":[
    0,
    2,
    9
   ]
  },
  "viewer":{
   "jshandler":"webview/handlers/ElementHandler"
  },
  "obj_viewer":[
  ],
  "finder":{
   "blocktype":"Product",
   "masktype":""
  }
 },
 {
  "sid":"sldemo_autotrans_3:233",
  "className":"Simulink.Product",
  "icon":"sldemo_autotrans_35",
  "name":"Product",
  "label":"Product",
  "parent":"sldemo_autotrans_3:229",
  "inspector":{
   "params":[
    "Inputs",
    "Multiplication",
    "InputSameDT",
    "OutMin",
    "OutMax",
    "OutDataTypeStr",
    "LockScale",
    "RndMeth",
    "SaturateOnIntegerOverflow",
    "CollapseDim",
    "CollapseMode",
    "SampleTime"
   ],
   "values":[
    "2",
    "Element-wise(.*)",
    "on",
    "[]",
    "[]",
    "Inherit: Same as first input",
    "off",
    "Floor",
    "on",
    "1",
    "All dimensions",
    "-1"
   ],
   "tabs":[
    "Main",
    "Signal Attributes",
    "-Other"
   ],
   "tabs_idx":[
    0,
    2,
    9
   ]
  },
  "viewer":{
   "jshandler":"webview/handlers/ElementHandler"
  },
  "obj_viewer":[
  ],
  "finder":{
   "blocktype":"Product",
   "masktype":""
  }
 },
 {
  "sid":"sldemo_autotrans_3:232",
  "className":"Simulink.Inport",
  "icon":"sldemo_autotrans_35",
  "name":"Nout",
  "label":"Nout",
  "parent":"sldemo_autotrans_3:229",
  "inspector":{
   "params":[
    "Port",
    "IconDisplay",
    "LatchByDelayingOutsideSignal",
    "LatchInputForFeedbackSignals",
    "OutputFunctionCall",
    "OutMin",
    "OutMax",
    "OutDataTypeStr",
    "LockScale",
    "Unit",
    "PortDimensions",
    "VarSizeSig",
    "SampleTime",
    "SignalType",
    "BusOutputAsStruct",
    "InputConnect",
    "Interpolate"
   ],
   "values":[
    "3",
    "Port number",
    "off",
    "off",
    "off",
    "[]",
    "[]",
    "Inherit: auto",
    "off",
    "rpm",
    "-1",
    "Inherit",
    "-1",
    "auto",
    "off",
    "",
    "on"
   ],
   "tabs":[
    "Main",
    "Signal Attributes",
    "-Other"
   ],
   "tabs_idx":[
    0,
    4,
    14
   ]
  },
  "viewer":{
   "jshandler":"webview/handlers/ElementHandler"
  },
  "obj_viewer":[
  ],
  "finder":{
   "blocktype":"Inport",
   "masktype":""
  }
 },
 {
  "sid":"sldemo_autotrans_3:231",
  "className":"Simulink.Inport",
  "icon":"sldemo_autotrans_35",
  "name":"Gear",
  "label":"Gear",
  "parent":"sldemo_autotrans_3:229",
  "inspector":{
   "params":[
    "Port",
    "IconDisplay",
    "LatchByDelayingOutsideSignal",
    "LatchInputForFeedbackSignals",
    "OutputFunctionCall",
    "OutMin",
    "OutMax",
    "OutDataTypeStr",
    "LockScale",
    "Unit",
    "PortDimensions",
    "VarSizeSig",
    "SampleTime",
    "SignalType",
    "BusOutputAsStruct",
    "InputConnect",
    "Interpolate"
   ],
   "values":[
    "2",
    "Port number",
    "off",
    "off",
    "off",
    "[]",
    "[]",
    "Inherit: auto",
    "off",
    "1",
    "-1",
    "Inherit",
    "-1",
    "auto",
    "off",
    "",
    "on"
   ],
   "tabs":[
    "Main",
    "Signal Attributes",
    "-Other"
   ],
   "tabs_idx":[
    0,
    4,
    14
   ]
  },
  "viewer":{
   "jshandler":"webview/handlers/ElementHandler"
  },
  "obj_viewer":[
  ],
  "finder":{
   "blocktype":"Inport",
   "masktype":""
  }
 },
 {
  "sid":"sldemo_autotrans_3:230",
  "className":"Simulink.Inport",
  "icon":"sldemo_autotrans_35",
  "name":"Tin",
  "label":"Tin",
  "parent":"sldemo_autotrans_3:229",
  "inspector":{
   "params":[
    "Port",
    "IconDisplay",
    "LatchByDelayingOutsideSignal",
    "LatchInputForFeedbackSignals",
    "OutputFunctionCall",
    "OutMin",
    "OutMax",
    "OutDataTypeStr",
    "LockScale",
    "Unit",
    "PortDimensions",
    "VarSizeSig",
    "SampleTime",
    "SignalType",
    "BusOutputAsStruct",
    "InputConnect",
    "Interpolate"
   ],
   "values":[
    "1",
    "Port number",
    "off",
    "off",
    "off",
    "[]",
    "[]",
    "Inherit: auto",
    "off",
    "ft*lbf@torque",
    "-1",
    "Inherit",
    "-1",
    "auto",
    "off",
    "",
    "on"
   ],
   "tabs":[
    "Main",
    "Signal Attributes",
    "-Other"
   ],
   "tabs_idx":[
    0,
    4,
    14
   ]
  },
  "viewer":{
   "jshandler":"webview/handlers/ElementHandler"
  },
  "obj_viewer":[
  ],
  "finder":{
   "blocktype":"Inport",
   "masktype":""
  }
 },
 {
  "sid":"sldemo_autotrans_3:235#out:1",
  "className":"Simulink.Line",
  "icon":"sldemo_autotrans_38",
  "name":"",
  "label":"",
  "parent":"sldemo_autotrans_3:229",
  "inspector":{
   "params":[
    "SignalNameFromLabel",
    "MustResolveToSignal",
    "ShowPropagatedSignal",
    "DataLogging",
    "TestPoint",
    "SignalObjectPackage",
    "StorageClass",
    "Description",
    "documentLink"
   ],
   "values":[
    "",
    "off",
    "off",
    "off",
    "off",
    "Simulink",
    "Auto",
    "",
    ""
   ],
   "tabs":[
    "Parameter Attributes",
    "Logging and Accessibility",
    "Code Generation",
    "Documentation"
   ],
   "tabs_idx":[
    0,
    3,
    5,
    7
   ]
  },
  "viewer":{
   "jshandler":"webview/handlers/ElementHandler"
  },
  "obj_viewer":[
  ],
  "finder":[
  ]
 },
 {
  "sid":"sldemo_autotrans_3:232#out:1",
  "className":"Simulink.Line",
  "icon":"sldemo_autotrans_38",
  "name":"",
  "label":"",
  "parent":"sldemo_autotrans_3:229",
  "inspector":{
   "params":[
    "SignalNameFromLabel",
    "MustResolveToSignal",
    "ShowPropagatedSignal",
    "DataLogging",
    "TestPoint",
    "SignalObjectPackage",
    "StorageClass",
    "Description",
    "documentLink"
   ],
   "values":[
    "",
    "off",
    "off",
    "off",
    "off",
    "Simulink",
    "Auto",
    "",
    ""
   ],
   "tabs":[
    "Parameter Attributes",
    "Logging and Accessibility",
    "Code Generation",
    "Documentation"
   ],
   "tabs_idx":[
    0,
    3,
    5,
    7
   ]
  },
  "viewer":{
   "jshandler":"webview/handlers/ElementHandler"
  },
  "obj_viewer":[
  ],
  "finder":[
  ]
 },
 {
  "sid":"sldemo_autotrans_3:234#out:1",
  "className":"Simulink.Line",
  "icon":"sldemo_autotrans_38",
  "name":"",
  "label":"",
  "parent":"sldemo_autotrans_3:229",
  "inspector":{
   "params":[
    "SignalNameFromLabel",
    "MustResolveToSignal",
    "ShowPropagatedSignal",
    "DataLogging",
    "TestPoint",
    "SignalObjectPackage",
    "StorageClass",
    "Description",
    "documentLink"
   ],
   "values":[
    "",
    "off",
    "off",
    "off",
    "off",
    "Simulink",
    "Auto",
    "",
    ""
   ],
   "tabs":[
    "Parameter Attributes",
    "Logging and Accessibility",
    "Code Generation",
    "Documentation"
   ],
   "tabs_idx":[
    0,
    3,
    5,
    7
   ]
  },
  "viewer":{
   "jshandler":"webview/handlers/ElementHandler"
  },
  "obj_viewer":[
  ],
  "finder":[
  ]
 },
 {
  "sid":"sldemo_autotrans_3:233#out:1",
  "className":"Simulink.Line",
  "icon":"sldemo_autotrans_38",
  "name":"",
  "label":"",
  "parent":"sldemo_autotrans_3:229",
  "inspector":{
   "params":[
    "SignalNameFromLabel",
    "MustResolveToSignal",
    "ShowPropagatedSignal",
    "DataLogging",
    "TestPoint",
    "SignalObjectPackage",
    "StorageClass",
    "Description",
    "documentLink"
   ],
   "values":[
    "",
    "off",
    "off",
    "off",
    "off",
    "Simulink",
    "Auto",
    "",
    ""
   ],
   "tabs":[
    "Parameter Attributes",
    "Logging and Accessibility",
    "Code Generation",
    "Documentation"
   ],
   "tabs_idx":[
    0,
    3,
    5,
    7
   ]
  },
  "viewer":{
   "jshandler":"webview/handlers/ElementHandler"
  },
  "obj_viewer":[
  ],
  "finder":[
  ]
 },
 {
  "sid":"sldemo_autotrans_3:230#out:1",
  "className":"Simulink.Line",
  "icon":"sldemo_autotrans_38",
  "name":"",
  "label":"",
  "parent":"sldemo_autotrans_3:229",
  "inspector":{
   "params":[
    "SignalNameFromLabel",
    "MustResolveToSignal",
    "ShowPropagatedSignal",
    "DataLogging",
    "TestPoint",
    "SignalObjectPackage",
    "StorageClass",
    "Description",
    "documentLink"
   ],
   "values":[
    "",
    "off",
    "off",
    "off",
    "off",
    "Simulink",
    "Auto",
    "",
    ""
   ],
   "tabs":[
    "Parameter Attributes",
    "Logging and Accessibility",
    "Code Generation",
    "Documentation"
   ],
   "tabs_idx":[
    0,
    3,
    5,
    7
   ]
  },
  "viewer":{
   "jshandler":"webview/handlers/ElementHandler"
  },
  "obj_viewer":[
  ],
  "finder":[
  ]
 },
 {
  "sid":"sldemo_autotrans_3:231#out:1",
  "className":"Simulink.Line",
  "icon":"sldemo_autotrans_38",
  "name":"",
  "label":"",
  "parent":"sldemo_autotrans_3:229",
  "inspector":{
   "params":[
    "SignalNameFromLabel",
    "MustResolveToSignal",
    "ShowPropagatedSignal",
    "DataLogging",
    "TestPoint",
    "SignalObjectPackage",
    "StorageClass",
    "Description",
    "documentLink"
   ],
   "values":[
    "",
    "off",
    "off",
    "off",
    "off",
    "Simulink",
    "Auto",
    "",
    ""
   ],
   "tabs":[
    "Parameter Attributes",
    "Logging and Accessibility",
    "Code Generation",
    "Documentation"
   ],
   "tabs_idx":[
    0,
    3,
    5,
    7
   ]
  },
  "viewer":{
   "jshandler":"webview/handlers/ElementHandler"
  },
  "obj_viewer":[
  ],
  "finder":[
  ]
 }
]