[
 {
  "hid":1,
  "sid":"sldemo_radar_eml",
  "esid":"",
  "parent":0,
  "children":[
   2
  ],
  "name":"sldemo_radar_eml",
  "fullname":"sldemo_radar_eml",
  "label":"sldemo_radar_eml",
  "icon":"sldemo_radar_eml0",
  "svg":"support/slwebview_files/sldemo_radar_eml_d.svg",
  "thumbnail":"support/slwebview_files/sldemo_radar_eml_d.png",
  "backingUrl":"support/slwebview_files/sldemo_radar_eml_d.json",
  "elements":[
   ":29",
   ":28",
   ":27",
   ":26",
   ":25",
   ":24",
   ":23",
   ":14",
   ":7",
   ":6",
   ":5",
   ":4",
   ":3",
   ":2",
   ":1",
   ":23#out:1",
   ":14#out:1",
   ":6#out:1",
   ":24#out:1",
   ":7#out:1",
   ":1#out:1",
   ":5#out:1",
   ":1#out:2",
   ":2#out:1",
   ":25#out:1",
   ":4#out:1"
  ],
  "sameAsElement":false
 },
 {
  "hid":2,
  "sid":"sldemo_radar_eml:7",
  "esid":"sldemo_radar_eml:7",
  "parent":1,
  "children":[
  ],
  "name":"XY\nAcceleration\nModel",
  "fullname":"sldemo_radar_eml/XY Acceleration Model",
  "label":"XY Acceleration Model",
  "icon":"sldemo_radar_eml4",
  "svg":"support/slwebview_files/sldemo_radar_eml_7_d.svg",
  "thumbnail":"support/slwebview_files/sldemo_radar_eml_7_d.png",
  "backingUrl":"support/slwebview_files/sldemo_radar_eml_7_d.json",
  "elements":[
   ":13",
   ":12",
   ":11",
   ":10",
   ":9",
   ":8",
   ":8#out:1",
   ":9#out:1",
   ":11#out:1",
   ":12#out:1",
   ":10#out:1"
  ],
  "sameAsElement":true
 }
]